{"v":"4.10.1","fr":29.9700012207031,"ip":0,"op":3596.00014646808,"w":1254,"h":2208,"nm":"Face Popping 2","ddd":0,"assets":[{"id":"image_0","w":486,"h":184,"u":"images/","p":"img_0.png"},{"id":"image_1","w":474,"h":184,"u":"images/","p":"img_1.png"},{"id":"image_2","w":486,"h":184,"u":"images/","p":"img_2.png"},{"id":"image_3","w":1243,"h":2202,"u":"images/","p":"img_3.png"},{"id":"comp_2","layers":[{"ddd":0,"ind":1,"ty":4,"nm":"Red Haired Girl Outlines","sr":1,"ks":{"o":{"a":0,"k":100,"ix":11},"r":{"a":1,"k":[{"i":{"x":[0.833],"y":[0.833]},"o":{"x":[0.167],"y":[0.167]},"n":["0p833_0p833_0p167_0p167"],"t":0,"s":[-46],"e":[0]},{"t":10.0000004073083}],"ix":10},"p":{"a":0,"k":[-305.372,1142.036,0],"ix":2},"a":{"a":0,"k":[122.308,796.779,0],"ix":1},"s":{"a":0,"k":[100,100,100],"ix":6}},"ao":0,"shapes":[{"ty":"gr","it":[{"ind":0,"ty":"sh","ix":1,"ks":{"a":0,"k":{"i":[[-27.167,-21.571],[0,0],[43.75,4.638],[-44.278,11.685],[0,0],[0,0],[0,0],[0,0]],"o":[[27.167,21.571],[0,0],[49.01,11.012],[41.201,-1.882],[0,0],[0,0],[0,0],[0,0]],"v":[[-125.602,-53.08],[8.24,-9.801],[-68.122,-9.016],[111.568,103.74],[149.435,36.891],[120.7,-37.614],[-5.028,-115.425],[-73.445,-101.717]],"c":true},"ix":2},"nm":"Path 1","mn":"ADBE Vector Shape - Group","hd":false},{"ty":"fl","c":{"a":0,"k":[0.960430549173,0.401063328163,0.101505167344,1],"ix":4},"o":{"a":0,"k":100,"ix":5},"r":1,"nm":"Fill 1","mn":"ADBE Vector Graphic - Fill","hd":false},{"ty":"tr","p":{"a":0,"k":[687.584,146.91],"ix":2},"a":{"a":0,"k":[0,0],"ix":1},"s":{"a":0,"k":[100,100],"ix":3},"r":{"a":0,"k":0,"ix":6},"o":{"a":0,"k":100,"ix":7},"sk":{"a":0,"k":0,"ix":4},"sa":{"a":0,"k":0,"ix":5},"nm":"Transform"}],"nm":"Group 1","np":2,"cix":2,"ix":1,"mn":"ADBE Vector Group","hd":false},{"ty":"gr","it":[{"ind":0,"ty":"sh","ix":1,"ks":{"a":0,"k":{"i":[[-10.173,-8.077],[-6.642,8.365],[10.177,8.081],[6.645,-8.368]],"o":[[10.177,8.081],[6.644,-8.368],[-10.172,-8.077],[-6.641,8.365]],"v":[[-12.06,15.187],[18.473,14.669],[12.06,-15.191],[-18.476,-14.669]],"c":true},"ix":2},"nm":"Path 1","mn":"ADBE Vector Shape - Group","hd":false},{"ty":"fl","c":{"a":0,"k":[0.983864458869,0.458027529249,0.379372750077,1],"ix":4},"o":{"a":0,"k":100,"ix":5},"r":1,"nm":"Fill 1","mn":"ADBE Vector Graphic - Fill","hd":false},{"ty":"tr","p":{"a":0,"k":[579.183,306.113],"ix":2},"a":{"a":0,"k":[0,0],"ix":1},"s":{"a":0,"k":[100,100],"ix":3},"r":{"a":0,"k":0,"ix":6},"o":{"a":0,"k":100,"ix":7},"sk":{"a":0,"k":0,"ix":4},"sa":{"a":0,"k":0,"ix":5},"nm":"Transform"}],"nm":"Group 2","np":2,"cix":2,"ix":2,"mn":"ADBE Vector Group","hd":false},{"ty":"gr","it":[{"ind":0,"ty":"sh","ix":1,"ks":{"a":0,"k":{"i":[[0.665,-2.675],[-2.677,-0.67],[0,0],[-0.666,2.674],[2.678,0.665],[0,0]],"o":[[-0.666,2.673],[0,0],[2.675,0.671],[0.666,-2.675],[0,0],[-2.676,-0.664]],"v":[[-27.593,-8.991],[-23.96,-2.942],[20.503,12.621],[27.593,4.773],[23.958,-1.275],[-21.545,-12.629]],"c":true},"ix":2},"nm":"Path 1","mn":"ADBE Vector Shape - Group","hd":false},{"ty":"fl","c":{"a":0,"k":[0.960430549173,0.401063328163,0.101505167344,1],"ix":4},"o":{"a":0,"k":100,"ix":5},"r":1,"nm":"Fill 1","mn":"ADBE Vector Graphic - Fill","hd":false},{"ty":"tr","p":{"a":0,"k":[710.625,242.552],"ix":2},"a":{"a":0,"k":[0,0],"ix":1},"s":{"a":0,"k":[100,100],"ix":3},"r":{"a":0,"k":0,"ix":6},"o":{"a":0,"k":100,"ix":7},"sk":{"a":0,"k":0,"ix":4},"sa":{"a":0,"k":0,"ix":5},"nm":"Transform"}],"nm":"Group 3","np":2,"cix":2,"ix":3,"mn":"ADBE Vector Group","hd":false},{"ty":"gr","it":[{"ind":0,"ty":"sh","ix":1,"ks":{"a":0,"k":{"i":[[2.349,-1.441],[1.449,2.35],[0,0],[-2.346,1.446],[-1.445,-2.348],[0,0]],"o":[[-2.346,1.447],[0,0],[-1.448,-2.348],[2.349,-1.444],[0,0],[1.443,2.346]],"v":[[16.765,24.214],[9.899,22.579],[-18.396,-15.082],[-13.062,-24.217],[-6.197,-22.584],[18.401,17.349]],"c":true},"ix":2},"nm":"Path 1","mn":"ADBE Vector Shape - Group","hd":false},{"ty":"fl","c":{"a":0,"k":[0.960430549173,0.401063328163,0.101505167344,1],"ix":4},"o":{"a":0,"k":100,"ix":5},"r":1,"nm":"Fill 1","mn":"ADBE Vector Graphic - Fill","hd":false},{"ty":"tr","p":{"a":0,"k":[609.128,166.11],"ix":2},"a":{"a":0,"k":[0,0],"ix":1},"s":{"a":0,"k":[100,100],"ix":3},"r":{"a":0,"k":0,"ix":6},"o":{"a":0,"k":100,"ix":7},"sk":{"a":0,"k":0,"ix":4},"sa":{"a":0,"k":0,"ix":5},"nm":"Transform"}],"nm":"Group 4","np":2,"cix":2,"ix":4,"mn":"ADBE Vector Group","hd":false},{"ty":"gr","it":[{"ind":0,"ty":"sh","ix":1,"ks":{"a":0,"k":{"i":[[2.148,-2.709],[6.462,5.132],[-2.15,2.708],[-6.454,-5.125]],"o":[[-2.15,2.708],[-6.456,-5.123],[2.152,-2.707],[6.463,5.132]],"v":[[11.702,9.289],[-3.893,4.898],[-11.699,-9.29],[3.892,-4.906]],"c":true},"ix":2},"nm":"Path 1","mn":"ADBE Vector Shape - Group","hd":false},{"ty":"fl","c":{"a":0,"k":[0.983864458869,0.458027529249,0.379372750077,1],"ix":4},"o":{"a":0,"k":100,"ix":5},"r":1,"nm":"Fill 1","mn":"ADBE Vector Graphic - Fill","hd":false},{"ty":"tr","p":{"a":0,"k":[616.431,261.124],"ix":2},"a":{"a":0,"k":[0,0],"ix":1},"s":{"a":0,"k":[100,100],"ix":3},"r":{"a":0,"k":0,"ix":6},"o":{"a":0,"k":100,"ix":7},"sk":{"a":0,"k":0,"ix":4},"sa":{"a":0,"k":0,"ix":5},"nm":"Transform"}],"nm":"Group 5","np":2,"cix":2,"ix":5,"mn":"ADBE Vector Group","hd":false},{"ty":"gr","it":[{"ind":0,"ty":"sh","ix":1,"ks":{"a":0,"k":{"i":[[15.513,12.317],[-10.668,-8.471]],"o":[[-16.904,-13.419],[9.253,7.353]],"v":[[-3.995,7.22],[11.646,-11.066]],"c":true},"ix":2},"nm":"Path 1","mn":"ADBE Vector Shape - Group","hd":false},{"ty":"fl","c":{"a":0,"k":[0.202952680401,0.048807278801,0.030897475224,1],"ix":4},"o":{"a":0,"k":100,"ix":5},"r":1,"nm":"Fill 1","mn":"ADBE Vector Graphic - Fill","hd":false},{"ty":"tr","p":{"a":0,"k":[681.323,267.482],"ix":2},"a":{"a":0,"k":[0,0],"ix":1},"s":{"a":0,"k":[100,100],"ix":3},"r":{"a":0,"k":0,"ix":6},"o":{"a":0,"k":100,"ix":7},"sk":{"a":0,"k":0,"ix":4},"sa":{"a":0,"k":0,"ix":5},"nm":"Transform"}],"nm":"Group 6","np":2,"cix":2,"ix":6,"mn":"ADBE Vector Group","hd":false},{"ty":"gr","it":[{"ind":0,"ty":"sh","ix":1,"ks":{"a":0,"k":{"i":[[-15.515,-12.319],[10.669,8.471]],"o":[[16.902,13.424],[-9.263,-7.349]],"v":[[-4.711,6.65],[9.558,-12.726]],"c":true},"ix":2},"nm":"Path 1","mn":"ADBE Vector Shape - Group","hd":false},{"ty":"fl","c":{"a":0,"k":[0.202952680401,0.048807278801,0.030897475224,1],"ix":4},"o":{"a":0,"k":100,"ix":5},"r":1,"nm":"Fill 1","mn":"ADBE Vector Graphic - Fill","hd":false},{"ty":"tr","p":{"a":0,"k":[591.603,196.244],"ix":2},"a":{"a":0,"k":[0,0],"ix":1},"s":{"a":0,"k":[100,100],"ix":3},"r":{"a":0,"k":0,"ix":6},"o":{"a":0,"k":100,"ix":7},"sk":{"a":0,"k":0,"ix":4},"sa":{"a":0,"k":0,"ix":5},"nm":"Transform"}],"nm":"Group 7","np":2,"cix":2,"ix":7,"mn":"ADBE Vector Group","hd":false},{"ty":"gr","it":[{"ind":0,"ty":"sh","ix":1,"ks":{"a":0,"k":{"i":[[17.9,-28.562],[3.276,-9.706],[-12.562,-19.986],[-6.021,-17.162],[-9.923,1.139],[-22.38,-7.746],[-20.628,12.767],[-22.843,25.383],[92.843,66.505],[57.909,-83.15]],"o":[[-4.978,7.948],[-7.76,22.985],[12.618,20.044],[6.021,17.163],[9.923,-1.139],[22.317,7.708],[29.426,-18.213],[65.587,-71.79],[-89,-63.75],[-21.074,27.496]],"v":[[-162.016,-2.722],[-175.266,22.864],[-164.503,82.457],[-137.516,124.418],[-89.167,163.885],[-45.389,177.035],[15.092,174.012],[95.502,89.891],[90.183,-123.028],[-109.542,-77.348]],"c":true},"ix":2},"nm":"Path 1","mn":"ADBE Vector Shape - Group","hd":false},{"ty":"fl","c":{"a":0,"k":[0.985445927639,0.657933134191,0.468197302725,1],"ix":4},"o":{"a":0,"k":100,"ix":5},"r":1,"nm":"Fill 1","mn":"ADBE Vector Graphic - Fill","hd":false},{"ty":"tr","p":{"a":0,"k":[659.213,207.982],"ix":2},"a":{"a":0,"k":[0,0],"ix":1},"s":{"a":0,"k":[100,100],"ix":3},"r":{"a":0,"k":0,"ix":6},"o":{"a":0,"k":100,"ix":7},"sk":{"a":0,"k":0,"ix":4},"sa":{"a":0,"k":0,"ix":5},"nm":"Transform"}],"nm":"Group 8","np":2,"cix":2,"ix":8,"mn":"ADBE Vector Group","hd":false},{"ty":"gr","it":[{"ind":0,"ty":"sh","ix":1,"ks":{"a":0,"k":{"i":[[9.762,-12.294],[12.085,9.595],[-9.763,12.296],[-12.084,-9.595]],"o":[[-9.763,12.296],[-12.084,-9.596],[9.762,-12.294],[12.085,9.595]],"v":[[21.882,17.373],[-17.677,22.263],[-21.88,-17.374],[17.676,-22.263]],"c":true},"ix":2},"nm":"Path 1","mn":"ADBE Vector Shape - Group","hd":false},{"ty":"fl","c":{"a":0,"k":[0.987250593597,0.542778703278,0.378261461445,1],"ix":4},"o":{"a":0,"k":100,"ix":5},"r":1,"nm":"Fill 1","mn":"ADBE Vector Graphic - Fill","hd":false},{"ty":"tr","p":{"a":0,"k":[731.022,327.125],"ix":2},"a":{"a":0,"k":[0,0],"ix":1},"s":{"a":0,"k":[100,100],"ix":3},"r":{"a":0,"k":0,"ix":6},"o":{"a":0,"k":100,"ix":7},"sk":{"a":0,"k":0,"ix":4},"sa":{"a":0,"k":0,"ix":5},"nm":"Transform"}],"nm":"Group 9","np":2,"cix":2,"ix":9,"mn":"ADBE Vector Group","hd":false},{"ty":"gr","it":[{"ind":0,"ty":"sh","ix":1,"ks":{"a":0,"k":{"i":[[9.762,-12.294],[10.42,8.274],[-9.761,12.294],[-10.417,-8.272]],"o":[[-9.763,12.296],[-10.417,-8.271],[9.762,-12.294],[10.421,8.274]],"v":[[18.865,14.981],[-17.679,22.26],[-18.865,-14.977],[17.672,-22.262]],"c":true},"ix":2},"nm":"Path 1","mn":"ADBE Vector Shape - Group","hd":false},{"ty":"fl","c":{"a":0,"k":[0.987250593597,0.542778703278,0.378261461445,1],"ix":4},"o":{"a":0,"k":100,"ix":5},"r":1,"nm":"Fill 1","mn":"ADBE Vector Graphic - Fill","hd":false},{"ty":"tr","p":{"a":0,"k":[521.417,161.966],"ix":2},"a":{"a":0,"k":[0,0],"ix":1},"s":{"a":0,"k":[100,100],"ix":3},"r":{"a":0,"k":0,"ix":6},"o":{"a":0,"k":100,"ix":7},"sk":{"a":0,"k":0,"ix":4},"sa":{"a":0,"k":0,"ix":5},"nm":"Transform"}],"nm":"Group 10","np":2,"cix":2,"ix":10,"mn":"ADBE Vector Group","hd":false},{"ty":"gr","it":[{"ind":0,"ty":"sh","ix":1,"ks":{"a":0,"k":{"i":[[0,0],[0,0],[0,0],[74.909,58.629]],"o":[[0,0],[0,0],[0,0],[-74.91,-58.628]],"v":[[-100.021,-77.091],[-48.882,64.164],[100.021,77.091],[6.596,-9.244]],"c":true},"ix":2},"nm":"Path 1","mn":"ADBE Vector Shape - Group","hd":false},{"ty":"fl","c":{"a":0,"k":[0.985445927639,0.657933134191,0.468197302725,1],"ix":4},"o":{"a":0,"k":100,"ix":5},"r":1,"nm":"Fill 1","mn":"ADBE Vector Graphic - Fill","hd":false},{"ty":"tr","p":{"a":0,"k":[522.938,382.534],"ix":2},"a":{"a":0,"k":[0,0],"ix":1},"s":{"a":0,"k":[100,100],"ix":3},"r":{"a":0,"k":0,"ix":6},"o":{"a":0,"k":100,"ix":7},"sk":{"a":0,"k":0,"ix":4},"sa":{"a":0,"k":0,"ix":5},"nm":"Transform"}],"nm":"Group 11","np":2,"cix":2,"ix":11,"mn":"ADBE Vector Group","hd":false},{"ty":"gr","it":[{"ind":0,"ty":"sh","ix":1,"ks":{"a":0,"k":{"i":[[5.789,-7.491],[-17.838,5.342],[-5.523,7.146],[19.673,15.204]],"o":[[3.041,24.987],[5.52,-7.142],[-19.67,-15.201],[-5.786,7.486]],"v":[[-38.189,-14.051],[21.126,31.172],[38.189,9.094],[-20.828,-36.515]],"c":true},"ix":2},"nm":"Path 1","mn":"ADBE Vector Shape - Group","hd":false},{"ty":"fl","c":{"a":0,"k":[0.987250593597,0.542778703278,0.378261461445,1],"ix":4},"o":{"a":0,"k":100,"ix":5},"r":1,"nm":"Fill 1","mn":"ADBE Vector Graphic - Fill","hd":false},{"ty":"tr","p":{"a":0,"k":[544.091,355.386],"ix":2},"a":{"a":0,"k":[0,0],"ix":1},"s":{"a":0,"k":[100,100],"ix":3},"r":{"a":0,"k":0,"ix":6},"o":{"a":0,"k":100,"ix":7},"sk":{"a":0,"k":0,"ix":4},"sa":{"a":0,"k":0,"ix":5},"nm":"Transform"}],"nm":"Group 12","np":2,"cix":2,"ix":12,"mn":"ADBE Vector Group","hd":false},{"ty":"gr","it":[{"ind":0,"ty":"sh","ix":1,"ks":{"a":0,"k":{"i":[[31.145,32.739],[4.799,-17.184],[4.243,-13.115],[32.851,-61.616],[51.226,-65.031],[0,0],[-37.672,70.663],[-21.11,69.654]],"o":[[-17.13,-12.509],[-3.584,12.942],[-19.408,60.02],[-35.892,67.331],[0,0],[53.872,-68.431],[38.321,-71.887],[14.073,-46.468]],"v":[[78.331,-243.908],[53.6,-200.052],[44.759,-158.701],[-33.735,24.583],[-162.328,225.916],[-122.862,256.417],[19.614,50.545],[108.921,-162.93]],"c":true},"ix":2},"nm":"Path 1","mn":"ADBE Vector Shape - Group","hd":false},{"ind":1,"ty":"sh","ix":2,"ks":{"a":0,"k":{"i":[[0,0],[0,0],[0,0],[0,0]],"o":[[0,0],[0,0],[0,0],[0,0]],"v":[[-122.994,-1047.416],[1131.006,-1047.416],[1131.006,1160.584],[-122.994,1160.584]],"c":true},"ix":2},"nm":"Path 2","mn":"ADBE Vector Shape - Group","hd":false},{"ty":"mm","mm":4,"nm":"Merge Paths 1","mn":"ADBE Vector Filter - Merge","hd":false},{"ty":"fl","c":{"a":0,"k":[0.969896204331,0.372873343673,0.420701958151,1],"ix":4},"o":{"a":0,"k":100,"ix":5},"r":1,"nm":"Fill 1","mn":"ADBE Vector Graphic - Fill","hd":false},{"ty":"tr","p":{"a":0,"k":[530.192,691.426],"ix":2},"a":{"a":0,"k":[0,0],"ix":1},"s":{"a":0,"k":[100,100],"ix":3},"r":{"a":0,"k":0,"ix":6},"o":{"a":0,"k":100,"ix":7},"sk":{"a":0,"k":0,"ix":4},"sa":{"a":0,"k":0,"ix":5},"nm":"Transform"}],"nm":"Group 13","np":4,"cix":2,"ix":13,"mn":"ADBE Vector Group","hd":false},{"ty":"gr","it":[{"ind":0,"ty":"sh","ix":1,"ks":{"a":0,"k":{"i":[[-39.534,-21.884],[15.42,-8.975],[11.622,-7.413],[51.342,-47.326],[50.015,-65.967],[0,0],[-58.877,54.276],[-62.083,37.99]],"o":[[16.421,13.42],[-11.621,6.732],[-53.187,33.915],[-56.1,51.713],[0,0],[52.635,-69.387],[59.898,-55.212],[41.414,-25.338]],"v":[[6.422,-157.767],[-29.786,-122.781],[-67.571,-103.797],[-225.141,18.376],[-389.212,192.29],[-429.792,160.93],[-263.715,-26.703],[-79.656,-166.952]],"c":true},"ix":2},"nm":"Path 1","mn":"ADBE Vector Shape - Group","hd":false},{"ind":1,"ty":"sh","ix":2,"ks":{"a":0,"k":{"i":[[0,0],[0,0],[0,0],[0,0]],"o":[[0,0],[0,0],[0,0],[0,0]],"v":[[-22.843,-828.303],[1231.157,-828.303],[1231.157,1379.697],[-22.843,1379.697]],"c":true},"ix":2},"nm":"Path 2","mn":"ADBE Vector Shape - Group","hd":false},{"ty":"mm","mm":4,"nm":"Merge Paths 1","mn":"ADBE Vector Filter - Merge","hd":false},{"ty":"fl","c":{"a":0,"k":[0.969896204331,0.372873343673,0.420701958151,1],"ix":4},"o":{"a":0,"k":100,"ix":5},"r":1,"nm":"Fill 1","mn":"ADBE Vector Graphic - Fill","hd":false},{"ty":"tr","p":{"a":0,"k":[430.042,472.313],"ix":2},"a":{"a":0,"k":[0,0],"ix":1},"s":{"a":0,"k":[100,100],"ix":3},"r":{"a":0,"k":0,"ix":6},"o":{"a":0,"k":100,"ix":7},"sk":{"a":0,"k":0,"ix":4},"sa":{"a":0,"k":0,"ix":5},"nm":"Transform"}],"nm":"Group 14","np":4,"cix":2,"ix":14,"mn":"ADBE Vector Group","hd":false},{"ty":"gr","it":[{"ind":0,"ty":"sh","ix":1,"ks":{"a":0,"k":{"i":[[0,0],[0,0],[0,0],[0,0]],"o":[[0,0],[0,0],[0,0],[0,0]],"v":[[8.716,49.71],[-50.301,4.101],[-8.715,-49.71],[50.302,-4.101]],"c":true},"ix":2},"nm":"Path 1","mn":"ADBE Vector Shape - Group","hd":false},{"ty":"fl","c":{"a":0,"k":[0.985445927639,0.657933134191,0.468197302725,1],"ix":4},"o":{"a":0,"k":100,"ix":5},"r":1,"nm":"Fill 1","mn":"ADBE Vector Graphic - Fill","hd":false},{"ty":"tr","p":{"a":0,"k":[537.95,360.854],"ix":2},"a":{"a":0,"k":[0,0],"ix":1},"s":{"a":0,"k":[100,100],"ix":3},"r":{"a":0,"k":0,"ix":6},"o":{"a":0,"k":100,"ix":7},"sk":{"a":0,"k":0,"ix":4},"sa":{"a":0,"k":0,"ix":5},"nm":"Transform"}],"nm":"Group 15","np":2,"cix":2,"ix":15,"mn":"ADBE Vector Group","hd":false},{"ty":"gr","it":[{"ind":0,"ty":"sh","ix":1,"ks":{"a":0,"k":{"i":[[0,0],[0,0],[-5.035,7.158],[-38.627,-22.37],[-30.818,-31.152],[45.162,-43.931],[5.653,-6.673],[0,0]],"o":[[0,0],[5.033,-7.153],[31.121,-54.781],[37.916,21.967],[31.383,31.735],[-5.656,6.678],[0,0],[0,0]],"v":[[-374.718,131.45],[-164.266,-186.067],[-149.162,-207.536],[-59.43,-230.777],[68.429,-131.965],[68.563,-39.272],[51.593,-19.246],[-205.383,262.317]],"c":true},"ix":2},"nm":"Path 1","mn":"ADBE Vector Shape - Group","hd":false},{"ind":1,"ty":"sh","ix":2,"ks":{"a":0,"k":{"i":[[0,0],[0,0],[0,0],[0,0]],"o":[[0,0],[0,0],[0,0],[0,0]],"v":[[-113.725,-913.401],[1140.275,-913.401],[1140.275,1294.599],[-113.725,1294.599]],"c":true},"ix":2},"nm":"Path 2","mn":"ADBE Vector Shape - Group","hd":false},{"ty":"mm","mm":4,"nm":"Merge Paths 1","mn":"ADBE Vector Filter - Merge","hd":false},{"ty":"fl","c":{"a":0,"k":[0.969896204331,0.372873343673,0.420701958151,1],"ix":4},"o":{"a":0,"k":100,"ix":5},"r":1,"nm":"Fill 1","mn":"ADBE Vector Graphic - Fill","hd":false},{"ty":"tr","p":{"a":0,"k":[520.923,557.411],"ix":2},"a":{"a":0,"k":[0,0],"ix":1},"s":{"a":0,"k":[100,100],"ix":3},"r":{"a":0,"k":0,"ix":6},"o":{"a":0,"k":100,"ix":7},"sk":{"a":0,"k":0,"ix":4},"sa":{"a":0,"k":0,"ix":5},"nm":"Transform"}],"nm":"Group 16","np":4,"cix":2,"ix":16,"mn":"ADBE Vector Group","hd":false},{"ty":"gr","it":[{"ind":0,"ty":"sh","ix":1,"ks":{"a":0,"k":{"i":[[24.643,19.567],[0,0],[-19.567,24.643],[0,0],[-70.563,-56.028],[0,0],[52.874,-66.591],[0,0]],"o":[[0,0],[-24.644,-19.567],[0,0],[56.028,-70.563],[0,0],[66.591,52.874],[0,0],[-19.567,24.643]],"v":[[-58.975,227.052],[-218.733,100.202],[-227.963,19.819],[-81.877,-164.164],[148.289,-190.591],[148.289,-190.59],[173.228,26.619],[21.408,217.824]],"c":true},"ix":2},"nm":"Path 1","mn":"ADBE Vector Shape - Group","hd":false},{"ind":1,"ty":"sh","ix":2,"ks":{"a":0,"k":{"i":[[0,0],[0,0],[0,0],[0,0]],"o":[[0,0],[0,0],[0,0],[0,0]],"v":[[-226.102,-602.859],[1027.898,-602.859],[1027.898,1605.141],[-226.102,1605.141]],"c":true},"ix":2},"nm":"Path 2","mn":"ADBE Vector Shape - Group","hd":false},{"ty":"mm","mm":4,"nm":"Merge Paths 1","mn":"ADBE Vector Filter - Merge","hd":false},{"ty":"fl","c":{"a":0,"k":[0.960430549173,0.401063328163,0.101505167344,1],"ix":4},"o":{"a":0,"k":100,"ix":5},"r":1,"nm":"Fill 1","mn":"ADBE Vector Graphic - Fill","hd":false},{"ty":"tr","p":{"a":0,"k":[633.3,246.87],"ix":2},"a":{"a":0,"k":[0,0],"ix":1},"s":{"a":0,"k":[100,100],"ix":3},"r":{"a":0,"k":0,"ix":6},"o":{"a":0,"k":100,"ix":7},"sk":{"a":0,"k":0,"ix":4},"sa":{"a":0,"k":0,"ix":5},"nm":"Transform"}],"nm":"Group 17","np":4,"cix":2,"ix":17,"mn":"ADBE Vector Group","hd":false}],"ip":0,"op":3596.00014646808,"st":0,"bm":0},{"ddd":0,"ind":2,"ty":0,"nm":"Red Haired Girl Speech Bubble","refId":"comp_3","sr":1,"ks":{"o":{"a":0,"k":100,"ix":11},"r":{"a":0,"k":0,"ix":10},"p":{"a":0,"k":[643,528,0],"ix":2},"a":{"a":0,"k":[643,528,0],"ix":1},"s":{"a":1,"k":[{"i":{"x":[0.833,0.833,0.833],"y":[0.833,0.833,0.833]},"o":{"x":[0.167,0.167,0.167],"y":[0.167,0.167,0.167]},"n":["0p833_0p833_0p167_0p167","0p833_0p833_0p167_0p167","0p833_0p833_0p167_0p167"],"t":10,"s":[0,0,100],"e":[120,120,100]},{"i":{"x":[0.833,0.833,0.833],"y":[0.833,0.833,0.833]},"o":{"x":[0.167,0.167,0.167],"y":[0.167,0.167,0.167]},"n":["0p833_0p833_0p167_0p167","0p833_0p833_0p167_0p167","0p833_0p833_0p167_0p167"],"t":13,"s":[120,120,100],"e":[90,90,100]},{"i":{"x":[0.833,0.833,0.833],"y":[0.833,0.833,0.833]},"o":{"x":[0.167,0.167,0.167],"y":[0.167,0.167,0.167]},"n":["0p833_0p833_0p167_0p167","0p833_0p833_0p167_0p167","0p833_0p833_0p167_0p167"],"t":15,"s":[90,90,100],"e":[100,100,100]},{"t":17.0000006924242}],"ix":6}},"ao":0,"w":1254,"h":2208,"ip":0,"op":3596.00014646808,"st":0,"bm":0},{"ddd":0,"ind":3,"ty":4,"nm":"Black Haired Man Outlines","sr":1,"ks":{"o":{"a":0,"k":100,"ix":11},"r":{"a":1,"k":[{"i":{"x":[0.833],"y":[0.833]},"o":{"x":[0.167],"y":[0.167]},"n":["0p833_0p833_0p167_0p167"],"t":17,"s":[46],"e":[0]},{"t":22.0000008960784}],"ix":10},"p":{"a":0,"k":[1318.85,1992.384,0],"ix":2},"a":{"a":0,"k":[487.67,981.922,0],"ix":1},"s":{"a":0,"k":[100,100,100],"ix":6}},"ao":0,"shapes":[{"ty":"gr","it":[{"ind":0,"ty":"sh","ix":1,"ks":{"a":0,"k":{"i":[[-12.675,0.255],[-0.049,-2.466],[2.47,-0.044],[7.896,-6.592],[1.529,-10.152],[2.444,0.367],[-0.368,2.445],[-9.102,7.6]],"o":[[2.466,-0.048],[0.048,2.474],[-10.595,0.212],[-7.51,6.271],[-0.367,2.445],[-2.441,-0.371],[1.879,-12.455],[9.412,-7.859]],"v":[[23.782,-24.418],[28.335,-20.029],[23.945,-15.468],[-4.766,-4.745],[-19.184,20.355],[-24.27,24.099],[-28.014,19.011],[-10.513,-11.629]],"c":true},"ix":2},"nm":"Path 1","mn":"ADBE Vector Shape - Group","hd":false},{"ty":"fl","c":{"a":0,"k":[0.238672144273,0.110199026968,0.088321057488,1],"ix":4},"o":{"a":0,"k":100,"ix":5},"r":1,"nm":"Fill 1","mn":"ADBE Vector Graphic - Fill","hd":false},{"ty":"tr","p":{"a":0,"k":[288.362,290.186],"ix":2},"a":{"a":0,"k":[0,0],"ix":1},"s":{"a":0,"k":[100,100],"ix":3},"r":{"a":0,"k":0,"ix":6},"o":{"a":0,"k":100,"ix":7},"sk":{"a":0,"k":0,"ix":4},"sa":{"a":0,"k":0,"ix":5},"nm":"Transform"}],"nm":"Group 1","np":2,"cix":2,"ix":1,"mn":"ADBE Vector Group","hd":false},{"ty":"gr","it":[{"ind":0,"ty":"sh","ix":1,"ks":{"a":0,"k":{"i":[[-2.494,-1.333],[-1.327,2.496],[0,0],[2.484,1.328],[1.338,-2.491],[0,0]],"o":[[2.489,1.343],[0,0],[1.326,-2.491],[-2.491,-1.337],[0,0],[-1.33,2.488]],"v":[[-15.723,25.687],[-8.808,23.596],[17.824,-16.68],[11.799,-25.693],[4.871,-23.601],[-17.82,18.769]],"c":true},"ix":2},"nm":"Path 1","mn":"ADBE Vector Shape - Group","hd":false},{"ty":"fl","c":{"a":0,"k":[0.122869618734,0.101081758387,0.104229160384,1],"ix":4},"o":{"a":0,"k":100,"ix":5},"r":1,"nm":"Fill 1","mn":"ADBE Vector Graphic - Fill","hd":false},{"ty":"tr","p":{"a":0,"k":[249.459,146.614],"ix":2},"a":{"a":0,"k":[0,0],"ix":1},"s":{"a":0,"k":[100,100],"ix":3},"r":{"a":0,"k":0,"ix":6},"o":{"a":0,"k":100,"ix":7},"sk":{"a":0,"k":0,"ix":4},"sa":{"a":0,"k":0,"ix":5},"nm":"Transform"}],"nm":"Group 2","np":2,"cix":2,"ix":2,"mn":"ADBE Vector Group","hd":false},{"ty":"gr","it":[{"ind":0,"ty":"sh","ix":1,"ks":{"a":0,"k":{"i":[[-1.115,-2.599],[2.595,-1.107],[0,0],[1.114,2.586],[-2.593,1.12],[0,0]],"o":[[1.115,2.598],[0,0],[-2.597,1.109],[-1.115,-2.598],[0,0],[2.593,-1.113]],"v":[[26.773,-13.565],[24.099,-6.853],[-18.305,16.246],[-26.773,9.474],[-24.098,2.75],[20.054,-16.241]],"c":true},"ix":2},"nm":"Path 1","mn":"ADBE Vector Shape - Group","hd":false},{"ty":"fl","c":{"a":0,"k":[0.122869618734,0.101081758387,0.104229160384,1],"ix":4},"o":{"a":0,"k":100,"ix":5},"r":1,"nm":"Fill 1","mn":"ADBE Vector Graphic - Fill","hd":false},{"ty":"tr","p":{"a":0,"k":[159.151,228.291],"ix":2},"a":{"a":0,"k":[0,0],"ix":1},"s":{"a":0,"k":[100,100],"ix":3},"r":{"a":0,"k":0,"ix":6},"o":{"a":0,"k":100,"ix":7},"sk":{"a":0,"k":0,"ix":4},"sa":{"a":0,"k":0,"ix":5},"nm":"Transform"}],"nm":"Group 3","np":2,"cix":2,"ix":3,"mn":"ADBE Vector Group","hd":false},{"ty":"gr","it":[{"ind":0,"ty":"sh","ix":1,"ks":{"a":0,"k":{"i":[[-2.27,-2.719],[6.489,-5.418],[2.274,2.723],[-6.489,5.418]],"o":[[2.274,2.724],[-6.49,5.419],[-2.27,-2.719],[6.489,-5.419]],"v":[[11.749,-9.814],[4.114,4.926],[-11.753,9.81],[-4.113,-4.926]],"c":true},"ix":2},"nm":"Path 1","mn":"ADBE Vector Shape - Group","hd":false},{"ty":"fl","c":{"a":0,"k":[0.238672144273,0.110199026968,0.088321057488,1],"ix":4},"o":{"a":0,"k":100,"ix":5},"r":1,"nm":"Fill 1","mn":"ADBE Vector Graphic - Fill","hd":false},{"ty":"tr","p":{"a":0,"k":[248.82,239.371],"ix":2},"a":{"a":0,"k":[0,0],"ix":1},"s":{"a":0,"k":[100,100],"ix":3},"r":{"a":0,"k":0,"ix":6},"o":{"a":0,"k":100,"ix":7},"sk":{"a":0,"k":0,"ix":4},"sa":{"a":0,"k":0,"ix":5},"nm":"Transform"}],"nm":"Group 4","np":2,"cix":2,"ix":4,"mn":"ADBE Vector Group","hd":false},{"ty":"gr","it":[{"ind":0,"ty":"sh","ix":1,"ks":{"a":0,"k":{"i":[[15.583,-13.011],[-10.717,8.948]],"o":[[-16.976,14.182],[9.302,-7.766]],"v":[[5.12,6.536],[-9.986,-12.952]],"c":true},"ix":2},"nm":"Path 1","mn":"ADBE Vector Shape - Group","hd":false},{"ty":"fl","c":{"a":0,"k":[0.080017142202,0.065580203486,0.072848189111,1],"ix":4},"o":{"a":0,"k":100,"ix":5},"r":1,"nm":"Fill 1","mn":"ADBE Vector Graphic - Fill","hd":false},{"ty":"tr","p":{"a":0,"k":[269.976,174.538],"ix":2},"a":{"a":0,"k":[0,0],"ix":1},"s":{"a":0,"k":[100,100],"ix":3},"r":{"a":0,"k":0,"ix":6},"o":{"a":0,"k":100,"ix":7},"sk":{"a":0,"k":0,"ix":4},"sa":{"a":0,"k":0,"ix":5},"nm":"Transform"}],"nm":"Group 5","np":2,"cix":2,"ix":5,"mn":"ADBE Vector Group","hd":false},{"ty":"gr","it":[{"ind":0,"ty":"sh","ix":1,"ks":{"a":0,"k":{"i":[[-15.582,13.011],[10.712,-8.944]],"o":[[16.984,-14.173],[-9.302,7.767]],"v":[[4.399,7.136],[-12.081,-11.204]],"c":true},"ix":2},"nm":"Path 1","mn":"ADBE Vector Shape - Group","hd":false},{"ty":"fl","c":{"a":0,"k":[0.080017142202,0.065580203486,0.072848189111,1],"ix":4},"o":{"a":0,"k":100,"ix":5},"r":1,"nm":"Fill 1","mn":"ADBE Vector Graphic - Fill","hd":false},{"ty":"tr","p":{"a":0,"k":[179.853,249.79],"ix":2},"a":{"a":0,"k":[0,0],"ix":1},"s":{"a":0,"k":[100,100],"ix":3},"r":{"a":0,"k":0,"ix":6},"o":{"a":0,"k":100,"ix":7},"sk":{"a":0,"k":0,"ix":4},"sa":{"a":0,"k":0,"ix":5},"nm":"Transform"}],"nm":"Group 6","np":2,"cix":2,"ix":6,"mn":"ADBE Vector Group","hd":false},{"ty":"gr","it":[{"ind":0,"ty":"sh","ix":1,"ks":{"a":0,"k":{"i":[[-7.693,-9.213],[-4.2,-3.615],[0,0],[0.518,0.621],[-2.6,7.426],[-11.512,8.852],[-8.836,1.392],[-9.244,-11.071],[-1.058,-1.421],[0,0],[4.067,4.87],[9.641,-2.321],[10.072,-8.124],[4.599,-10.397]],"o":[[4.066,4.87],[0,0],[-1.209,-1.295],[-9.245,-11.071],[2.946,-8.445],[10.768,-9.751],[7.77,-1.234],[0.519,0.621],[0,0],[-2.808,-4.778],[-7.693,-9.213],[-11.054,2.674],[-9.791,8.461],[-4.004,9.072]],"v":[[-40.036,33.616],[-27.45,45.337],[-21.279,40.185],[-23.94,37.25],[-36.213,12.183],[-9.783,-11.287],[18.032,-33.11],[40.502,-16.558],[42.914,-13.415],[49.09,-18.571],[39.798,-33.044],[13.124,-43.016],[-19.467,-22.886],[-45.086,5.588]],"c":true},"ix":2},"nm":"Path 1","mn":"ADBE Vector Shape - Group","hd":false},{"ty":"fl","c":{"a":0,"k":[0.122869618734,0.101081758387,0.104229160384,1],"ix":4},"o":{"a":0,"k":100,"ix":5},"r":1,"nm":"Fill 1","mn":"ADBE Vector Graphic - Fill","hd":false},{"ty":"tr","p":{"a":0,"k":[285.793,286.386],"ix":2},"a":{"a":0,"k":[0,0],"ix":1},"s":{"a":0,"k":[100,100],"ix":3},"r":{"a":0,"k":0,"ix":6},"o":{"a":0,"k":100,"ix":7},"sk":{"a":0,"k":0,"ix":4},"sa":{"a":0,"k":0,"ix":5},"nm":"Transform"}],"nm":"Group 7","np":2,"cix":2,"ix":7,"mn":"ADBE Vector Group","hd":false},{"ty":"gr","it":[{"ind":0,"ty":"sh","ix":1,"ks":{"a":0,"k":{"i":[[13.022,-13.869],[-42.904,-51.384],[21.809,75.712],[-55.86,20.699],[-23.622,32.1],[-22.021,-13.616],[-5.263,-6.266],[-12.691,-4.144],[2.439,7.149],[16.715,9.298],[12.13,-2.405],[17.271,0.839],[16.608,-5.021]],"o":[[-45.35,48.264],[19.967,23.913],[-11.489,-39.875],[20.172,-7.478],[16.594,14.699],[6.88,4.245],[8.358,9.929],[1.594,0.521],[-6.932,-20.357],[-5.9,-3.279],[-13.339,-15.949],[-9.321,-0.453],[-20.142,6.091]],"v":[[-79.586,-133.104],[-125.281,44.647],[-59.565,84.361],[-45.19,-18.381],[61.175,-109.609],[120.001,-85.463],[134.886,-68.756],[166.591,-44.407],[145.771,-83.154],[98.033,-139.407],[65.344,-140.041],[-0.359,-159.62],[-48.137,-148.508]],"c":true},"ix":2},"nm":"Path 1","mn":"ADBE Vector Shape - Group","hd":false},{"ty":"fl","c":{"a":0,"k":[0.122869618734,0.101081758387,0.104229160384,1],"ix":4},"o":{"a":0,"k":100,"ix":5},"r":1,"nm":"Fill 1","mn":"ADBE Vector Graphic - Fill","hd":false},{"ty":"tr","p":{"a":0,"k":[168.435,173.114],"ix":2},"a":{"a":0,"k":[0,0],"ix":1},"s":{"a":0,"k":[100,100],"ix":3},"r":{"a":0,"k":0,"ix":6},"o":{"a":0,"k":100,"ix":7},"sk":{"a":0,"k":0,"ix":4},"sa":{"a":0,"k":0,"ix":5},"nm":"Transform"}],"nm":"Group 8","np":2,"cix":2,"ix":8,"mn":"ADBE Vector Group","hd":false},{"ty":"gr","it":[{"ind":0,"ty":"sh","ix":1,"ks":{"a":0,"k":{"i":[[-0.049,-4.499],[-47.179,-35.505],[-35.33,14.301],[-14.071,22.259],[11.834,36.839],[25.975,33.064],[4.417,0.845],[-13.993,-38.018],[16.186,-24.009],[4.477,-6.855],[0.462,-4.91],[1.888,-4.745],[12.175,-2.442],[11.305,-0.209],[4.224,-1.901],[4.766,-2.09],[18.479,10.874],[22.725,33.362]],"o":[[27.9,31.457],[34.141,18.213],[24.413,-9.874],[20.37,-32.207],[-26.513,-52.761],[-4.416,-0.853],[28.778,28.308],[7.4,20.124],[-2.903,4.314],[-2.62,3.814],[-2.219,11.083],[-4.574,11.544],[-5.006,1.01],[-4.909,-0.425],[-7.544,3.182],[-26.51,11.641],[-34.916,-20.548],[0.045,4.495]],"v":[[-153.33,29.32],[-55.654,130.752],[57.092,118.782],[109.655,74.893],[141.545,-33.904],[59.17,-148.112],[50.116,-144.882],[117.131,-42.849],[109.764,20.629],[98.782,37.049],[93.259,49.685],[88.668,70.901],[56.904,97.424],[35.209,98.155],[21.791,101.335],[3.675,109.211],[-60.095,105.13],[-148.54,20.991]],"c":true},"ix":2},"nm":"Path 1","mn":"ADBE Vector Shape - Group","hd":false},{"ty":"fl","c":{"a":0,"k":[0.122869618734,0.101081758387,0.104229160384,1],"ix":4},"o":{"a":0,"k":100,"ix":5},"r":1,"nm":"Fill 1","mn":"ADBE Vector Graphic - Fill","hd":false},{"ty":"tr","p":{"a":0,"k":[256.764,252.259],"ix":2},"a":{"a":0,"k":[0,0],"ix":1},"s":{"a":0,"k":[100,100],"ix":3},"r":{"a":0,"k":0,"ix":6},"o":{"a":0,"k":100,"ix":7},"sk":{"a":0,"k":0,"ix":4},"sa":{"a":0,"k":0,"ix":5},"nm":"Transform"}],"nm":"Group 9","np":2,"cix":2,"ix":9,"mn":"ADBE Vector Group","hd":false},{"ty":"gr","it":[{"ind":0,"ty":"sh","ix":1,"ks":{"a":0,"k":{"i":[[0,0],[-0.658,0.542],[-12.81,-7.492],[-22.665,8.46],[-26.385,-1.774],[-14.683,13.322],[-1.739,15.499],[-12.423,20.852],[8.529,23.36],[7.057,11.814],[-0.725,0.673],[0,0],[0,0],[0.78,1.042],[0,0],[0,0],[35.137,14.114],[17.993,-78.593],[-29.63,-31.271],[0,0]],"o":[[0.656,-0.503],[10.365,9.051],[21.459,12.564],[22.734,-8.503],[15.561,1.055],[15.728,-12.071],[2.962,-26.278],[12.369,-20.792],[-5.094,-13.935],[0.777,-0.656],[0,0],[0,0],[-0.797,-1.036],[0,0],[0,0],[-21.319,-29.454],[-87.071,-34.982],[-9.427,41.176],[0,0],[0,0]],"v":[[-56.687,151.262],[-54.712,149.696],[-22.998,176.454],[39.044,178.034],[83.742,168.273],[120.383,153.849],[141.115,120.369],[158.694,78.13],[168.214,16.798],[147.538,-19.179],[149.794,-21.175],[109.991,-68.846],[109.86,-68.713],[107.491,-71.84],[99.934,-80.889],[100.493,-81.356],[25.096,-154.037],[-167.316,-22.362],[-109.923,89.692],[-108.847,88.794]],"c":true},"ix":2},"nm":"Path 1","mn":"ADBE Vector Shape - Group","hd":false},{"ty":"fl","c":{"a":0,"k":[0.403893235151,0.171796372358,0.102008340873,1],"ix":4},"o":{"a":0,"k":100,"ix":5},"r":1,"nm":"Fill 1","mn":"ADBE Vector Graphic - Fill","hd":false},{"ty":"tr","p":{"a":0,"k":[214.717,189.269],"ix":2},"a":{"a":0,"k":[0,0],"ix":1},"s":{"a":0,"k":[100,100],"ix":3},"r":{"a":0,"k":0,"ix":6},"o":{"a":0,"k":100,"ix":7},"sk":{"a":0,"k":0,"ix":4},"sa":{"a":0,"k":0,"ix":5},"nm":"Transform"}],"nm":"Group 10","np":2,"cix":2,"ix":10,"mn":"ADBE Vector Group","hd":false},{"ty":"gr","it":[{"ind":0,"ty":"sh","ix":1,"ks":{"a":0,"k":{"i":[[-10.311,-12.349],[12.14,-10.137],[10.318,12.358],[-12.137,10.133]],"o":[[10.315,12.354],[-12.137,10.133],[-10.308,-12.345],[12.14,-10.137]],"v":[[21.977,-18.35],[18.661,22.362],[-21.984,18.351],[-18.68,-22.358]],"c":true},"ix":2},"nm":"Path 1","mn":"ADBE Vector Shape - Group","hd":false},{"ty":"fl","c":{"a":0,"k":[0.335833441042,0.145132895077,0.097544441971,1],"ix":4},"o":{"a":0,"k":100,"ix":5},"r":1,"nm":"Fill 1","mn":"ADBE Vector Graphic - Fill","hd":false},{"ty":"tr","p":{"a":0,"k":[338.855,138.075],"ix":2},"a":{"a":0,"k":[0,0],"ix":1},"s":{"a":0,"k":[100,100],"ix":3},"r":{"a":0,"k":0,"ix":6},"o":{"a":0,"k":100,"ix":7},"sk":{"a":0,"k":0,"ix":4},"sa":{"a":0,"k":0,"ix":5},"nm":"Transform"}],"nm":"Group 11","np":2,"cix":2,"ix":11,"mn":"ADBE Vector Group","hd":false},{"ty":"gr","it":[{"ind":0,"ty":"sh","ix":1,"ks":{"a":0,"k":{"i":[[-10.311,-12.349],[10.468,-8.741],[10.318,12.358],[-10.465,8.738]],"o":[[10.315,12.353],[-10.464,8.737],[-10.308,-12.344],[10.467,-8.74]],"v":[[18.948,-15.821],[18.667,22.365],[-18.954,15.819],[-18.677,-22.362]],"c":true},"ix":2},"nm":"Path 1","mn":"ADBE Vector Shape - Group","hd":false},{"ty":"fl","c":{"a":0,"k":[0.335833441042,0.145132895077,0.097544441971,1],"ix":4},"o":{"a":0,"k":100,"ix":5},"r":1,"nm":"Fill 1","mn":"ADBE Vector Graphic - Fill","hd":false},{"ty":"tr","p":{"a":0,"k":[129.583,314.137],"ix":2},"a":{"a":0,"k":[0,0],"ix":1},"s":{"a":0,"k":[100,100],"ix":3},"r":{"a":0,"k":0,"ix":6},"o":{"a":0,"k":100,"ix":7},"sk":{"a":0,"k":0,"ix":4},"sa":{"a":0,"k":0,"ix":5},"nm":"Transform"}],"nm":"Group 12","np":2,"cix":2,"ix":12,"mn":"ADBE Vector Group","hd":false},{"ty":"gr","it":[{"ind":0,"ty":"sh","ix":1,"ks":{"a":0,"k":{"i":[[-5.801,-7.482],[-0.241,19.338],[5.534,7.137],[21.807,-16.907]],"o":[[26.485,2.129],[-5.531,-7.133],[-21.802,16.904],[5.798,7.477]],"v":[[-23.86,35.513],[41.257,-15.591],[24.159,-37.642],[-41.257,13.076]],"c":true},"ix":2},"nm":"Path 1","mn":"ADBE Vector Shape - Group","hd":false},{"ty":"fl","c":{"a":0,"k":[0.348133939855,0.161411061006,0.111659854066,1],"ix":4},"o":{"a":0,"k":100,"ix":5},"r":1,"nm":"Fill 1","mn":"ADBE Vector Graphic - Fill","hd":false},{"ty":"tr","p":{"a":0,"k":[331.23,342.503],"ix":2},"a":{"a":0,"k":[0,0],"ix":1},"s":{"a":0,"k":[100,100],"ix":3},"r":{"a":0,"k":0,"ix":6},"o":{"a":0,"k":100,"ix":7},"sk":{"a":0,"k":0,"ix":4},"sa":{"a":0,"k":0,"ix":5},"nm":"Transform"}],"nm":"Group 13","np":2,"cix":2,"ix":13,"mn":"ADBE Vector Group","hd":false},{"ty":"gr","it":[{"ind":0,"ty":"sh","ix":1,"ks":{"a":0,"k":{"i":[[-34.969,35.791],[-4.242,-17.629],[-3.859,-13.423],[-31.933,-62.351],[-51.391,-64.901],[0,0],[36.624,71.503],[18.97,71.364]],"o":[[18.946,-13.959],[3.163,13.279],[17.65,61.425],[34.893,68.13],[0,0],[-54.047,-68.293],[-37.253,-72.741],[-12.651,-47.605]],"v":[[-57.731,-249.157],[-33.567,-204.848],[-26.247,-162.281],[48.198,24.241],[173.401,228.242],[128.421,263.117],[-10.15,54.192],[-94.594,-163.17]],"c":true},"ix":2},"nm":"Path 1","mn":"ADBE Vector Shape - Group","hd":false},{"ind":1,"ty":"sh","ix":2,"ks":{"a":0,"k":{"i":[[0,0],[0,0],[0,0],[0,0]],"o":[[0,0],[0,0],[0,0],[0,0]],"v":[[-1146.755,-1702.94],[107.245,-1702.94],[107.245,505.06],[-1146.755,505.06]],"c":true},"ix":2},"nm":"Path 2","mn":"ADBE Vector Shape - Group","hd":false},{"ty":"mm","mm":4,"nm":"Merge Paths 1","mn":"ADBE Vector Filter - Merge","hd":false},{"ty":"fl","c":{"a":0,"k":[0.393683399874,0.374618021647,0.427111277861,1],"ix":4},"o":{"a":0,"k":100,"ix":5},"r":1,"nm":"Fill 1","mn":"ADBE Vector Graphic - Fill","hd":false},{"ty":"tr","p":{"a":0,"k":[315.575,692.478],"ix":2},"a":{"a":0,"k":[0,0],"ix":1},"s":{"a":0,"k":[100,100],"ix":3},"r":{"a":0,"k":0,"ix":6},"o":{"a":0,"k":100,"ix":7},"sk":{"a":0,"k":0,"ix":4},"sa":{"a":0,"k":0,"ix":5},"nm":"Transform"}],"nm":"Group 14","np":4,"cix":2,"ix":14,"mn":"ADBE Vector Group","hd":false},{"ty":"gr","it":[{"ind":0,"ty":"sh","ix":1,"ks":{"a":0,"k":{"i":[[0,0],[0,0],[0,0],[0,0]],"o":[[0,0],[0,0],[0,0],[0,0]],"v":[[1.754,-26.121],[17.401,-28.353],[18.135,28.353],[-18.135,19.434]],"c":true},"ix":2},"nm":"Path 1","mn":"ADBE Vector Shape - Group","hd":false},{"ty":"fl","c":{"a":0,"k":[0.887875844918,0.95738178328,0.937453744926,1],"ix":4},"o":{"a":0,"k":100,"ix":5},"r":1,"nm":"Fill 1","mn":"ADBE Vector Graphic - Fill","hd":false},{"ty":"tr","p":{"a":0,"k":[376.053,356.134],"ix":2},"a":{"a":0,"k":[0,0],"ix":1},"s":{"a":0,"k":[100,100],"ix":3},"r":{"a":0,"k":0,"ix":6},"o":{"a":0,"k":100,"ix":7},"sk":{"a":0,"k":0,"ix":4},"sa":{"a":0,"k":0,"ix":5},"nm":"Transform"}],"nm":"Group 15","np":2,"cix":2,"ix":15,"mn":"ADBE Vector Group","hd":false},{"ty":"gr","it":[{"ind":0,"ty":"sh","ix":1,"ks":{"a":0,"k":{"i":[[0,0],[0,0],[0,0],[0,0]],"o":[[0,0],[0,0],[0,0],[0,0]],"v":[[-21.509,-10.76],[-27.568,3.838],[27.165,18.677],[27.568,-18.677]],"c":true},"ix":2},"nm":"Path 1","mn":"ADBE Vector Shape - Group","hd":false},{"ty":"fl","c":{"a":0,"k":[0.887875844918,0.95738178328,0.937453744926,1],"ix":4},"o":{"a":0,"k":100,"ix":5},"r":1,"nm":"Fill 1","mn":"ADBE Vector Graphic - Fill","hd":false},{"ty":"tr","p":{"a":0,"k":[330.349,394.244],"ix":2},"a":{"a":0,"k":[0,0],"ix":1},"s":{"a":0,"k":[100,100],"ix":3},"r":{"a":0,"k":0,"ix":6},"o":{"a":0,"k":100,"ix":7},"sk":{"a":0,"k":0,"ix":4},"sa":{"a":0,"k":0,"ix":5},"nm":"Transform"}],"nm":"Group 16","np":2,"cix":2,"ix":16,"mn":"ADBE Vector Group","hd":false},{"ty":"gr","it":[{"ind":0,"ty":"sh","ix":1,"ks":{"a":0,"k":{"i":[[0,0],[0,0],[0,0],[0,0]],"o":[[0,0],[0,0],[0,0],[0,0]],"v":[[53.543,1.514],[-11.873,52.232],[-53.543,-1.514],[11.873,-52.232]],"c":true},"ix":2},"nm":"Path 1","mn":"ADBE Vector Shape - Group","hd":false},{"ty":"fl","c":{"a":0,"k":[0.403893235151,0.171796372358,0.102008340873,1],"ix":4},"o":{"a":0,"k":100,"ix":5},"r":1,"nm":"Fill 1","mn":"ADBE Vector Graphic - Fill","hd":false},{"ty":"tr","p":{"a":0,"k":[337.533,349.374],"ix":2},"a":{"a":0,"k":[0,0],"ix":1},"s":{"a":0,"k":[100,100],"ix":3},"r":{"a":0,"k":0,"ix":6},"o":{"a":0,"k":100,"ix":7},"sk":{"a":0,"k":0,"ix":4},"sa":{"a":0,"k":0,"ix":5},"nm":"Transform"}],"nm":"Group 17","np":2,"cix":2,"ix":17,"mn":"ADBE Vector Group","hd":false},{"ty":"gr","it":[{"ind":0,"ty":"sh","ix":1,"ks":{"a":0,"k":{"i":[[0,0],[0,0],[5.701,6.643],[-35.175,34.762],[-41.651,24.948],[-30.439,-55.327],[-5.009,-7.172],[0,0]],"o":[[0,0],[-5.697,-6.639],[-46.002,-43.261],[34.537,-34.121],[42.425,-25.403],[5.013,7.176],[0,0],[0,0]],"v":[[222.353,271.909],[-34.678,-9.548],[-51.779,-29.472],[-46.861,-125.984],[94.862,-235.864],[189.555,-216.582],[204.586,-195.054],[410.049,126.385]],"c":true},"ix":2},"nm":"Path 1","mn":"ADBE Vector Shape - Group","hd":false},{"ind":1,"ty":"sh","ix":2,"ks":{"a":0,"k":{"i":[[0,0],[0,0],[0,0],[0,0]],"o":[[0,0],[0,0],[0,0],[0,0]],"v":[[-1156.219,-1556.737],[97.781,-1556.737],[97.781,651.263],[-1156.219,651.263]],"c":true},"ix":2},"nm":"Path 2","mn":"ADBE Vector Shape - Group","hd":false},{"ty":"mm","mm":4,"nm":"Merge Paths 1","mn":"ADBE Vector Filter - Merge","hd":false},{"ty":"fl","c":{"a":0,"k":[0.393683399874,0.374618021647,0.427111277861,1],"ix":4},"o":{"a":0,"k":100,"ix":5},"r":1,"nm":"Fill 1","mn":"ADBE Vector Graphic - Fill","hd":false},{"ty":"tr","p":{"a":0,"k":[325.04,546.275],"ix":2},"a":{"a":0,"k":[0,0],"ix":1},"s":{"a":0,"k":[100,100],"ix":3},"r":{"a":0,"k":0,"ix":6},"o":{"a":0,"k":100,"ix":7},"sk":{"a":0,"k":0,"ix":4},"sa":{"a":0,"k":0,"ix":5},"nm":"Transform"}],"nm":"Group 18","np":4,"cix":2,"ix":18,"mn":"ADBE Vector Group","hd":false}],"ip":0,"op":3596.00014646808,"st":0,"bm":0},{"ddd":0,"ind":4,"ty":0,"nm":"Black Hair Speech Bubble ","refId":"comp_4","sr":1,"ks":{"o":{"a":0,"k":100,"ix":11},"r":{"a":0,"k":0,"ix":10},"p":{"a":0,"k":[627,1104,0],"ix":2},"a":{"a":0,"k":[627,1104,0],"ix":1},"s":{"a":1,"k":[{"i":{"x":[0.833,0.833,0.833],"y":[0.833,0.833,0.833]},"o":{"x":[0.167,0.167,0.167],"y":[0.167,0.167,0.167]},"n":["0p833_0p833_0p167_0p167","0p833_0p833_0p167_0p167","0p833_0p833_0p167_0p167"],"t":27,"s":[0,0,100],"e":[120,120,100]},{"i":{"x":[0.833,0.833,0.833],"y":[0.833,0.833,0.833]},"o":{"x":[0.167,0.167,0.167],"y":[0.167,0.167,0.167]},"n":["0p833_0p833_0p167_0p167","0p833_0p833_0p167_0p167","0p833_0p833_0p167_0p167"],"t":30,"s":[120,120,100],"e":[90,90,100]},{"i":{"x":[0.833,0.833,0.833],"y":[0.833,0.833,0.833]},"o":{"x":[0.167,0.167,0.167],"y":[0.167,0.167,0.167]},"n":["0p833_0p833_0p167_0p167","0p833_0p833_0p167_0p167","0p833_0p833_0p167_0p167"],"t":32,"s":[90,90,100],"e":[100,100,100]},{"t":34.0000013848484}],"ix":6}},"ao":0,"w":1254,"h":2208,"ip":0,"op":3596.00014646808,"st":0,"bm":0},{"ddd":0,"ind":5,"ty":4,"nm":"Grey Haired Man Outlines","sr":1,"ks":{"o":{"a":0,"k":100,"ix":11},"r":{"a":1,"k":[{"i":{"x":[0.833],"y":[0.833]},"o":{"x":[0.167],"y":[0.167]},"n":["0p833_0p833_0p167_0p167"],"t":34,"s":[-46],"e":[0]},{"t":39.0000015885026}],"ix":10},"p":{"a":0,"k":[-21.098,2426.675,0],"ix":2},"a":{"a":0,"k":[430.49,884.368,0],"ix":1},"s":{"a":0,"k":[100,100,100],"ix":6}},"ao":0,"shapes":[{"ty":"gr","it":[{"ind":0,"ty":"sh","ix":1,"ks":{"a":0,"k":{"i":[[5.35,-6.96],[6.96,5.351],[-5.35,6.96],[-6.96,-5.35]],"o":[[-5.35,6.96],[-6.96,-5.35],[5.351,-6.96],[6.959,5.35]],"v":[[12.602,9.687],[-9.687,12.601],[-12.602,-9.688],[9.688,-12.602]],"c":true},"ix":2},"nm":"Path 1","mn":"ADBE Vector Shape - Group","hd":false},{"ty":"fl","c":{"a":0,"k":[0.983864458869,0.458027529249,0.379372750077,1],"ix":4},"o":{"a":0,"k":100,"ix":5},"r":1,"nm":"Fill 1","mn":"ADBE Vector Graphic - Fill","hd":false},{"ty":"tr","p":{"a":0,"k":[600.84,325.414],"ix":2},"a":{"a":0,"k":[0,0],"ix":1},"s":{"a":0,"k":[100,100],"ix":3},"r":{"a":0,"k":0,"ix":6},"o":{"a":0,"k":100,"ix":7},"sk":{"a":0,"k":0,"ix":4},"sa":{"a":0,"k":0,"ix":5},"nm":"Transform"}],"nm":"Group 1","np":2,"cix":2,"ix":1,"mn":"ADBE Vector Group","hd":false},{"ty":"gr","it":[{"ind":0,"ty":"sh","ix":1,"ks":{"a":0,"k":{"i":[[2.88,3.247],[0,0],[3.251,-2.881],[0,0],[-2.882,-3.245],[0,0],[-3.252,2.881]],"o":[[0,0],[-2.886,-3.251],[0,0],[-3.247,2.885],[0,0],[2.878,3.25],[3.248,-2.886]],"v":[[23.595,14.693],[-11.778,-25.171],[-22.925,-25.839],[-22.927,-25.837],[-23.592,-14.695],[11.785,25.175],[22.927,25.839]],"c":true},"ix":2},"nm":"Path 1","mn":"ADBE Vector Shape - Group","hd":false},{"ty":"fl","c":{"a":0,"k":[0.611844649969,0.483933781643,0.421666523055,1],"ix":4},"o":{"a":0,"k":100,"ix":5},"r":1,"nm":"Fill 1","mn":"ADBE Vector Graphic - Fill","hd":false},{"ty":"tr","p":{"a":0,"k":[647.615,316.974],"ix":2},"a":{"a":0,"k":[0,0],"ix":1},"s":{"a":0,"k":[100,100],"ix":3},"r":{"a":0,"k":0,"ix":6},"o":{"a":0,"k":100,"ix":7},"sk":{"a":0,"k":0,"ix":4},"sa":{"a":0,"k":0,"ix":5},"nm":"Transform"}],"nm":"Group 2","np":2,"cix":2,"ix":2,"mn":"ADBE Vector Group","hd":false},{"ty":"gr","it":[{"ind":0,"ty":"sh","ix":1,"ks":{"a":0,"k":{"i":[[-3.884,-1.952],[0,0],[1.952,-3.879],[0,0],[3.881,1.955],[0,0],[-1.957,3.876]],"o":[[0,0],[3.883,1.952],[0,0],[-1.952,3.88],[0,0],[-3.885,-1.95],[1.949,-3.885]],"v":[[-20.26,-19.022],[27.358,4.914],[30.865,15.509],[30.863,15.512],[20.267,19.018],[-27.354,-4.914],[-30.86,-15.51]],"c":true},"ix":2},"nm":"Path 1","mn":"ADBE Vector Shape - Group","hd":false},{"ty":"fl","c":{"a":0,"k":[0.611844649969,0.483933781643,0.421666523055,1],"ix":4},"o":{"a":0,"k":100,"ix":5},"r":1,"nm":"Fill 1","mn":"ADBE Vector Graphic - Fill","hd":false},{"ty":"tr","p":{"a":0,"k":[595.861,277.191],"ix":2},"a":{"a":0,"k":[0,0],"ix":1},"s":{"a":0,"k":[100,100],"ix":3},"r":{"a":0,"k":0,"ix":6},"o":{"a":0,"k":100,"ix":7},"sk":{"a":0,"k":0,"ix":4},"sa":{"a":0,"k":0,"ix":5},"nm":"Transform"}],"nm":"Group 3","np":2,"cix":2,"ix":3,"mn":"ADBE Vector Group","hd":false},{"ty":"gr","it":[{"ind":0,"ty":"sh","ix":1,"ks":{"a":0,"k":{"i":[[0,0],[-0.559,1.051],[1.055,0.556],[0,0],[0.56,-1.056],[-1.054,-0.559]],"o":[[1.06,0.555],[0.561,-1.056],[0,0],[-1.056,-0.556],[-0.558,1.054],[0,0]],"v":[[27.136,15.124],[30.062,14.223],[29.161,11.3],[-27.141,-15.124],[-30.065,-14.221],[-29.164,-11.301]],"c":true},"ix":2},"nm":"Path 1","mn":"ADBE Vector Shape - Group","hd":false},{"ty":"fl","c":{"a":0,"k":[0.072919860541,0.066608690748,0.076897662294,1],"ix":4},"o":{"a":0,"k":100,"ix":5},"r":1,"nm":"Fill 1","mn":"ADBE Vector Graphic - Fill","hd":false},{"ty":"tr","p":{"a":0,"k":[579.848,152.254],"ix":2},"a":{"a":0,"k":[0,0],"ix":1},"s":{"a":0,"k":[100,100],"ix":3},"r":{"a":0,"k":0,"ix":6},"o":{"a":0,"k":100,"ix":7},"sk":{"a":0,"k":0,"ix":4},"sa":{"a":0,"k":0,"ix":5},"nm":"Transform"}],"nm":"Group 4","np":2,"cix":2,"ix":4,"mn":"ADBE Vector Group","hd":false},{"ty":"gr","it":[{"ind":0,"ty":"sh","ix":1,"ks":{"a":0,"k":{"i":[[0,0],[-0.88,0.807],[-0.811,-0.88],[0,0],[0.874,-0.81],[0.809,0.87]],"o":[[-0.815,-0.874],[0.874,-0.811],[0,0],[0.807,0.875],[-0.87,0.815],[0,0]],"v":[[-20.472,-20.617],[-20.358,-23.671],[-17.301,-23.551],[20.48,20.612],[20.358,23.667],[17.304,23.553]],"c":true},"ix":2},"nm":"Path 1","mn":"ADBE Vector Shape - Group","hd":false},{"ty":"fl","c":{"a":0,"k":[0.072919860541,0.066608690748,0.076897662294,1],"ix":4},"o":{"a":0,"k":100,"ix":5},"r":1,"nm":"Fill 1","mn":"ADBE Vector Graphic - Fill","hd":false},{"ty":"tr","p":{"a":0,"k":[772.857,301.009],"ix":2},"a":{"a":0,"k":[0,0],"ix":1},"s":{"a":0,"k":[100,100],"ix":3},"r":{"a":0,"k":0,"ix":6},"o":{"a":0,"k":100,"ix":7},"sk":{"a":0,"k":0,"ix":4},"sa":{"a":0,"k":0,"ix":5},"nm":"Transform"}],"nm":"Group 5","np":2,"cix":2,"ix":5,"mn":"ADBE Vector Group","hd":false},{"ty":"gr","it":[{"ind":0,"ty":"sh","ix":1,"ks":{"a":0,"k":{"i":[[0,0],[0,0],[0,0],[0,0]],"o":[[0,0],[0,0],[0,0],[0,0]],"v":[[-22.727,-14.358],[19.718,18.271],[22.727,14.357],[-19.718,-18.271]],"c":true},"ix":2},"nm":"Path 1","mn":"ADBE Vector Shape - Group","hd":false},{"ty":"fl","c":{"a":0,"k":[0.072919860541,0.066608690748,0.076897662294,1],"ix":4},"o":{"a":0,"k":100,"ix":5},"r":1,"nm":"Fill 1","mn":"ADBE Vector Graphic - Fill","hd":false},{"ty":"tr","p":{"a":0,"k":[667.943,238.961],"ix":2},"a":{"a":0,"k":[0,0],"ix":1},"s":{"a":0,"k":[100,100],"ix":3},"r":{"a":0,"k":0,"ix":6},"o":{"a":0,"k":100,"ix":7},"sk":{"a":0,"k":0,"ix":4},"sa":{"a":0,"k":0,"ix":5},"nm":"Transform"}],"nm":"Group 6","np":2,"cix":2,"ix":6,"mn":"ADBE Vector Group","hd":false},{"ty":"gr","it":[{"ind":0,"ty":"sh","ix":1,"ks":{"a":0,"k":{"i":[[1.975,8.134],[8.1,6.227],[8.542,-0.179],[4.834,-6.289],[-1.973,-8.128],[-8.1,-6.227],[-8.539,0.186],[-4.833,6.287]],"o":[[-2.018,-8.297],[-8.101,-6.228],[-8.364,0.186],[-4.833,6.286],[2.021,8.303],[8.101,6.228],[8.367,-0.18],[4.834,-6.289]],"v":[[33.11,-0.254],[17.699,-23.021],[-8.271,-32.064],[-29.061,-22.34],[-33.112,0.25],[-17.694,23.018],[8.269,32.061],[29.062,22.342]],"c":true},"ix":2},"nm":"Path 1","mn":"ADBE Vector Shape - Group","hd":false},{"ind":1,"ty":"sh","ix":2,"ks":{"a":0,"k":{"i":[[-8.901,-6.843],[-2.24,-9.219],[5.674,-7.381],[9.653,-0.206],[8.901,6.843],[2.238,9.221],[-5.673,7.379],[-9.657,0.21]],"o":[[8.901,6.842],[2.279,9.385],[-5.673,7.38],[-9.487,0.207],[-8.902,-6.842],[-2.283,-9.381],[5.675,-7.381],[9.484,-0.205]],"v":[[20.348,-26.467],[37.327,-1.275],[32.504,24.988],[8.368,36.397],[-20.345,26.467],[-37.322,1.272],[-32.508,-24.99],[-8.363,-36.398]],"c":true},"ix":2},"nm":"Path 2","mn":"ADBE Vector Shape - Group","hd":false},{"ty":"mm","mm":1,"nm":"Merge Paths 1","mn":"ADBE Vector Filter - Merge","hd":false},{"ty":"fl","c":{"a":0,"k":[0.072919860541,0.066608690748,0.076897662294,1],"ix":4},"o":{"a":0,"k":100,"ix":5},"r":1,"nm":"Fill 1","mn":"ADBE Vector Graphic - Fill","hd":false},{"ty":"tr","p":{"a":0,"k":[718.355,277.449],"ix":2},"a":{"a":0,"k":[0,0],"ix":1},"s":{"a":0,"k":[100,100],"ix":3},"r":{"a":0,"k":0,"ix":6},"o":{"a":0,"k":100,"ix":7},"sk":{"a":0,"k":0,"ix":4},"sa":{"a":0,"k":0,"ix":5},"nm":"Transform"}],"nm":"Group 7","np":4,"cix":2,"ix":7,"mn":"ADBE Vector Group","hd":false},{"ty":"gr","it":[{"ind":0,"ty":"sh","ix":1,"ks":{"a":0,"k":{"i":[[1.977,8.132],[8.101,6.228],[8.532,-0.182],[4.832,-6.287],[-1.975,-8.13],[-8.096,-6.223],[-8.535,0.18],[-4.833,6.287]],"o":[[-2.02,-8.294],[-8.096,-6.223],[-8.365,0.182],[-4.833,6.287],[2.017,8.293],[8.1,6.228],[8.367,-0.18],[4.833,-6.286]],"v":[[33.112,-0.253],[17.693,-23.021],[-8.271,-32.066],[-29.06,-22.339],[-33.115,0.252],[-17.701,23.02],[8.268,32.064],[29.06,22.339]],"c":true},"ix":2},"nm":"Path 1","mn":"ADBE Vector Shape - Group","hd":false},{"ind":1,"ty":"sh","ix":2,"ks":{"a":0,"k":{"i":[[-8.896,-6.839],[-2.241,-9.227],[5.671,-7.376],[9.662,-0.207],[8.901,6.843],[2.243,9.224],[-5.675,7.382],[-9.651,0.21]],"o":[[8.902,6.842],[2.286,9.387],[-5.675,7.382],[-9.49,0.204],[-8.896,-6.839],[-2.276,-9.384],[5.671,-7.377],[9.493,-0.206]],"v":[[20.342,-26.468],[37.319,-1.273],[32.505,24.989],[8.36,36.398],[-20.351,26.467],[-37.33,1.274],[-32.506,-24.989],[-8.37,-36.396]],"c":true},"ix":2},"nm":"Path 2","mn":"ADBE Vector Shape - Group","hd":false},{"ty":"mm","mm":1,"nm":"Merge Paths 1","mn":"ADBE Vector Filter - Merge","hd":false},{"ty":"fl","c":{"a":0,"k":[0.072919860541,0.066608690748,0.076897662294,1],"ix":4},"o":{"a":0,"k":100,"ix":5},"r":1,"nm":"Fill 1","mn":"ADBE Vector Graphic - Fill","hd":false},{"ty":"tr","p":{"a":0,"k":[615.927,200.074],"ix":2},"a":{"a":0,"k":[0,0],"ix":1},"s":{"a":0,"k":[100,100],"ix":3},"r":{"a":0,"k":0,"ix":6},"o":{"a":0,"k":100,"ix":7},"sk":{"a":0,"k":0,"ix":4},"sa":{"a":0,"k":0,"ix":5},"nm":"Transform"}],"nm":"Group 8","np":4,"cix":2,"ix":8,"mn":"ADBE Vector Group","hd":false},{"ty":"gr","it":[{"ind":0,"ty":"sh","ix":1,"ks":{"a":0,"k":{"i":[[0,0],[0,0],[0,0],[0,0]],"o":[[0,0],[0,0],[0,0],[0,0]],"v":[[-6.487,-53.732],[53.594,-7.546],[6.487,53.732],[-53.594,7.546]],"c":true},"ix":2},"nm":"Path 1","mn":"ADBE Vector Shape - Group","hd":false},{"ind":1,"ty":"sh","ix":2,"ks":{"a":0,"k":{"i":[[1.033,-0.749],[-10.689,-14.726],[-5.891,4.271],[10.675,14.723],[6.778,0]],"o":[[-5.887,4.275],[10.68,14.727],[5.889,-4.277],[-8.813,-12.145],[-1.442,0]],"v":[[-19.344,-28.244],[-10.661,6.155],[19.341,25.079],[10.667,-9.318],[-15.604,-29.35]],"c":true},"ix":2},"nm":"Path 2","mn":"ADBE Vector Shape - Group","hd":false},{"ty":"mm","mm":4,"nm":"Merge Paths 1","mn":"ADBE Vector Filter - Merge","hd":false},{"ty":"fl","c":{"a":0,"k":[0.5,0.5,0.5,1],"ix":4},"o":{"a":0,"k":100,"ix":5},"r":1,"nm":"Fill 1","mn":"ADBE Vector Graphic - Fill","hd":false},{"ty":"tr","p":{"a":0,"k":[698.842,314.983],"ix":2},"a":{"a":0,"k":[0,0],"ix":1},"s":{"a":0,"k":[100,100],"ix":3},"r":{"a":0,"k":0,"ix":6},"o":{"a":0,"k":100,"ix":7},"sk":{"a":0,"k":0,"ix":4},"sa":{"a":0,"k":0,"ix":5},"nm":"Transform"}],"nm":"Group 9","np":4,"cix":2,"ix":9,"mn":"ADBE Vector Group","hd":false},{"ty":"gr","it":[{"ind":0,"ty":"sh","ix":1,"ks":{"a":0,"k":{"i":[[0,0],[0,0],[0,0],[0,0]],"o":[[0,0],[0,0],[0,0],[0,0]],"v":[[-8.574,-50.18],[50.698,-4.615],[8.574,50.18],[-50.698,4.615]],"c":true},"ix":2},"nm":"Path 1","mn":"ADBE Vector Shape - Group","hd":false},{"ind":1,"ty":"sh","ix":2,"ks":{"a":0,"k":{"i":[[1.339,-3.48],[-16.975,-6.537],[-2.617,6.789],[16.972,6.534],[6.346,0]],"o":[[-2.617,6.788],[16.974,6.539],[2.614,-6.791],[-8.276,-3.188],[-6.668,-0.001]],"v":[[-30.733,-12.72],[-4.733,11.412],[30.736,10.953],[4.735,-13.176],[-17.906,-17.95]],"c":true},"ix":2},"nm":"Path 2","mn":"ADBE Vector Shape - Group","hd":false},{"ty":"mm","mm":4,"nm":"Merge Paths 1","mn":"ADBE Vector Filter - Merge","hd":false},{"ty":"fl","c":{"a":0,"k":[0.5,0.5,0.5,1],"ix":4},"o":{"a":0,"k":100,"ix":5},"r":1,"nm":"Fill 1","mn":"ADBE Vector Graphic - Fill","hd":false},{"ty":"tr","p":{"a":0,"k":[579.176,223.673],"ix":2},"a":{"a":0,"k":[0,0],"ix":1},"s":{"a":0,"k":[100,100],"ix":3},"r":{"a":0,"k":0,"ix":6},"o":{"a":0,"k":100,"ix":7},"sk":{"a":0,"k":0,"ix":4},"sa":{"a":0,"k":0,"ix":5},"nm":"Transform"}],"nm":"Group 10","np":4,"cix":2,"ix":10,"mn":"ADBE Vector Group","hd":false},{"ty":"gr","it":[{"ind":0,"ty":"sh","ix":1,"ks":{"a":0,"k":{"i":[[0.961,-2.766],[-2.772,-0.959],[0,0],[-0.961,2.769],[2.768,0.955],[0,0]],"o":[[-0.956,2.774],[0,0],[2.778,0.961],[0.956,-2.771],[0,0],[-2.767,-0.954]],"v":[[-28.599,-12.07],[-25.312,-5.315],[20.345,15.346],[28.599,7.693],[25.315,0.946],[-21.848,-15.352]],"c":true},"ix":2},"nm":"Path 1","mn":"ADBE Vector Shape - Group","hd":false},{"ty":"fl","c":{"a":0,"k":[0.611844649969,0.483933781643,0.421666523055,1],"ix":4},"o":{"a":0,"k":100,"ix":5},"r":1,"nm":"Fill 1","mn":"ADBE Vector Graphic - Fill","hd":false},{"ty":"tr","p":{"a":0,"k":[739.088,247.507],"ix":2},"a":{"a":0,"k":[0,0],"ix":1},"s":{"a":0,"k":[100,100],"ix":3},"r":{"a":0,"k":0,"ix":6},"o":{"a":0,"k":100,"ix":7},"sk":{"a":0,"k":0,"ix":4},"sa":{"a":0,"k":0,"ix":5},"nm":"Transform"}],"nm":"Group 11","np":2,"cix":2,"ix":11,"mn":"ADBE Vector Group","hd":false},{"ty":"gr","it":[{"ind":0,"ty":"sh","ix":1,"ks":{"a":0,"k":{"i":[[2.45,-1.604],[1.607,2.447],[0,0],[-2.451,1.609],[-1.607,-2.454],[0,0]],"o":[[-2.454,1.607],[0,0],[-1.609,-2.45],[2.45,-1.608],[0,0],[1.607,2.455]],"v":[[18.529,25.302],[11.178,23.777],[-20.054,-15.431],[-14.653,-25.301],[-7.308,-23.772],[20.056,17.951]],"c":true},"ix":2},"nm":"Path 1","mn":"ADBE Vector Shape - Group","hd":false},{"ty":"fl","c":{"a":0,"k":[0.611844649969,0.483933781643,0.421666523055,1],"ix":4},"o":{"a":0,"k":100,"ix":5},"r":1,"nm":"Fill 1","mn":"ADBE Vector Graphic - Fill","hd":false},{"ty":"tr","p":{"a":0,"k":[638.068,169.162],"ix":2},"a":{"a":0,"k":[0,0],"ix":1},"s":{"a":0,"k":[100,100],"ix":3},"r":{"a":0,"k":0,"ix":6},"o":{"a":0,"k":100,"ix":7},"sk":{"a":0,"k":0,"ix":4},"sa":{"a":0,"k":0,"ix":5},"nm":"Transform"}],"nm":"Group 12","np":2,"cix":2,"ix":12,"mn":"ADBE Vector Group","hd":false},{"ty":"gr","it":[{"ind":0,"ty":"sh","ix":1,"ks":{"a":0,"k":{"i":[[2.242,-2.917],[6.96,5.351],[-2.244,2.919],[-6.95,-5.343]],"o":[[-2.244,2.919],[-6.951,-5.343],[2.243,-2.916],[6.96,5.35]],"v":[[12.603,9.686],[-4.064,5.277],[-12.601,-9.689],[4.055,-5.285]],"c":true},"ix":2},"nm":"Path 1","mn":"ADBE Vector Shape - Group","hd":false},{"ty":"fl","c":{"a":0,"k":[0.983864458869,0.458027529249,0.379372750077,1],"ix":4},"o":{"a":0,"k":100,"ix":5},"r":1,"nm":"Fill 1","mn":"ADBE Vector Graphic - Fill","hd":false},{"ty":"tr","p":{"a":0,"k":[641.65,272.326],"ix":2},"a":{"a":0,"k":[0,0],"ix":1},"s":{"a":0,"k":[100,100],"ix":3},"r":{"a":0,"k":0,"ix":6},"o":{"a":0,"k":100,"ix":7},"sk":{"a":0,"k":0,"ix":4},"sa":{"a":0,"k":0,"ix":5},"nm":"Transform"}],"nm":"Group 13","np":2,"cix":2,"ix":13,"mn":"ADBE Vector Group","hd":false},{"ty":"gr","it":[{"ind":0,"ty":"sh","ix":1,"ks":{"a":0,"k":{"i":[[16.705,12.841],[-11.485,-8.828]],"o":[[-18.205,-13.995],[9.974,7.668]],"v":[[-4.047,7.852],[12.277,-11.865]],"c":true},"ix":2},"nm":"Path 1","mn":"ADBE Vector Shape - Group","hd":false},{"ty":"fl","c":{"a":0,"k":[0.202952680401,0.048807278801,0.030897475224,1],"ix":4},"o":{"a":0,"k":100,"ix":5},"r":1,"nm":"Fill 1","mn":"ADBE Vector Graphic - Fill","hd":false},{"ty":"tr","p":{"a":0,"k":[710.702,277.904],"ix":2},"a":{"a":0,"k":[0,0],"ix":1},"s":{"a":0,"k":[100,100],"ix":3},"r":{"a":0,"k":0,"ix":6},"o":{"a":0,"k":100,"ix":7},"sk":{"a":0,"k":0,"ix":4},"sa":{"a":0,"k":0,"ix":5},"nm":"Transform"}],"nm":"Group 14","np":2,"cix":2,"ix":14,"mn":"ADBE Vector Group","hd":false},{"ty":"gr","it":[{"ind":0,"ty":"sh","ix":1,"ks":{"a":0,"k":{"i":[[-16.707,-12.843],[11.485,8.828]],"o":[[18.21,13.998],[-9.975,-7.669]],"v":[[-4.818,7.257],[10.039,-13.587]],"c":true},"ix":2},"nm":"Path 1","mn":"ADBE Vector Shape - Group","hd":false},{"ty":"fl","c":{"a":0,"k":[0.202952680401,0.048807278801,0.030897475224,1],"ix":4},"o":{"a":0,"k":100,"ix":5},"r":1,"nm":"Fill 1","mn":"ADBE Vector Graphic - Fill","hd":false},{"ty":"tr","p":{"a":0,"k":[614.068,203.619],"ix":2},"a":{"a":0,"k":[0,0],"ix":1},"s":{"a":0,"k":[100,100],"ix":3},"r":{"a":0,"k":0,"ix":6},"o":{"a":0,"k":100,"ix":7},"sk":{"a":0,"k":0,"ix":4},"sa":{"a":0,"k":0,"ix":5},"nm":"Transform"}],"nm":"Group 15","np":2,"cix":2,"ix":15,"mn":"ADBE Vector Group","hd":false},{"ty":"gr","it":[{"ind":0,"ty":"sh","ix":1,"ks":{"a":0,"k":{"i":[[57.55,-56.918],[-15.79,-7.94],[-13.496,7.226],[-34.695,-52.74],[-29.421,-21.18],[-10.754,-3.588],[9.925,-42.087],[-3.097,-2.598],[-12.973,22.659],[58.802,41.162]],"o":[[-18.713,18.505],[3.609,1.817],[38.118,-20.415],[6.233,9.471],[28.032,22.986],[59.893,19.973],[-3.638,15.416],[12.965,10.882],[40.203,-70.253],[-54.896,-46.242]],"v":[[-99.161,-118.709],[-166.289,-6.144],[-141.099,-20.601],[-51.072,-64.178],[10.693,-12.189],[76.81,34.129],[55.573,135.293],[53.995,164.745],[141.876,66.586],[87.323,-111.872]],"c":true},"ix":2},"nm":"Path 1","mn":"ADBE Vector Shape - Group","hd":false},{"ty":"fl","c":{"a":0,"k":[0.611844649969,0.483933781643,0.421666523055,1],"ix":4},"o":{"a":0,"k":100,"ix":5},"r":1,"nm":"Fill 1","mn":"ADBE Vector Graphic - Fill","hd":false},{"ty":"tr","p":{"a":0,"k":[710.65,175.877],"ix":2},"a":{"a":0,"k":[0,0],"ix":1},"s":{"a":0,"k":[100,100],"ix":3},"r":{"a":0,"k":0,"ix":6},"o":{"a":0,"k":100,"ix":7},"sk":{"a":0,"k":0,"ix":4},"sa":{"a":0,"k":0,"ix":5},"nm":"Transform"}],"nm":"Group 16","np":2,"cix":2,"ix":16,"mn":"ADBE Vector Group","hd":false},{"ty":"gr","it":[{"ind":0,"ty":"sh","ix":1,"ks":{"a":0,"k":{"i":[[18.705,-30.915],[3.341,-10.453],[-13.803,-21.204],[-4.205,-27.346],[-16.948,-11.96],[-16.216,1.749],[-24.121,-7.916],[-21.893,14.036],[-24.053,27.589],[100.626,69.717],[60.663,-90.084]],"o":[[-5.198,8.602],[-7.931,24.769],[13.857,21.279],[2.474,16.116],[15.906,13.296],[27.498,-2.975],[24.043,7.889],[31.227,-20.008],[69.084,-78.042],[-96.455,-66.825],[-22.123,29.824]],"v":[[-173.598,-0.226],[-187.362,27.411],[-174.828,91.096],[-154.678,134.505],[-131.6,168.618],[-92.7,182.15],[-45.58,190.454],[19.19,186.195],[103.951,94.694],[94.667,-133.406],[-118.612,-81.093]],"c":true},"ix":2},"nm":"Path 1","mn":"ADBE Vector Shape - Group","hd":false},{"ty":"fl","c":{"a":0,"k":[0.985445927639,0.657933134191,0.468197302725,1],"ix":4},"o":{"a":0,"k":100,"ix":5},"r":1,"nm":"Fill 1","mn":"ADBE Vector Graphic - Fill","hd":false},{"ty":"tr","p":{"a":0,"k":[688.448,214.408],"ix":2},"a":{"a":0,"k":[0,0],"ix":1},"s":{"a":0,"k":[100,100],"ix":3},"r":{"a":0,"k":0,"ix":6},"o":{"a":0,"k":100,"ix":7},"sk":{"a":0,"k":0,"ix":4},"sa":{"a":0,"k":0,"ix":5},"nm":"Transform"}],"nm":"Group 17","np":2,"cix":2,"ix":17,"mn":"ADBE Vector Group","hd":false},{"ty":"gr","it":[{"ind":0,"ty":"sh","ix":1,"ks":{"a":0,"k":{"i":[[10.177,-13.239],[13.015,10.004],[-10.181,13.245],[-13.014,-10.004]],"o":[[-10.181,13.244],[-13.013,-10.005],[10.177,-13.239],[13.014,10.004]],"v":[[23.569,18.115],[-18.434,23.976],[-23.564,-18.118],[18.428,-23.975]],"c":true},"ix":2},"nm":"Path 1","mn":"ADBE Vector Shape - Group","hd":false},{"ty":"fl","c":{"a":0,"k":[0.987250593597,0.542778703278,0.378261461445,1],"ix":4},"o":{"a":0,"k":100,"ix":5},"r":1,"nm":"Fill 1","mn":"ADBE Vector Graphic - Fill","hd":false},{"ty":"tr","p":{"a":0,"k":[764.647,340.623],"ix":2},"a":{"a":0,"k":[0,0],"ix":1},"s":{"a":0,"k":[100,100],"ix":3},"r":{"a":0,"k":0,"ix":6},"o":{"a":0,"k":100,"ix":7},"sk":{"a":0,"k":0,"ix":4},"sa":{"a":0,"k":0,"ix":5},"nm":"Transform"}],"nm":"Group 18","np":2,"cix":2,"ix":18,"mn":"ADBE Vector Group","hd":false},{"ty":"gr","it":[{"ind":0,"ty":"sh","ix":1,"ks":{"a":0,"k":{"i":[[10.177,-13.239],[11.226,8.63],[-10.181,13.244],[-11.219,-8.624]],"o":[[-10.181,13.244],[-11.218,-8.624],[10.177,-13.239],[11.223,8.634]],"v":[[20.32,15.619],[-18.438,23.975],[-20.316,-15.618],[18.427,-23.98]],"c":true},"ix":2},"nm":"Path 1","mn":"ADBE Vector Shape - Group","hd":false},{"ty":"fl","c":{"a":0,"k":[0.987250593597,0.542778703278,0.378261461445,1],"ix":4},"o":{"a":0,"k":100,"ix":5},"r":1,"nm":"Fill 1","mn":"ADBE Vector Graphic - Fill","hd":false},{"ty":"tr","p":{"a":0,"k":[538.921,168.431],"ix":2},"a":{"a":0,"k":[0,0],"ix":1},"s":{"a":0,"k":[100,100],"ix":3},"r":{"a":0,"k":0,"ix":6},"o":{"a":0,"k":100,"ix":7},"sk":{"a":0,"k":0,"ix":4},"sa":{"a":0,"k":0,"ix":5},"nm":"Transform"}],"nm":"Group 19","np":2,"cix":2,"ix":19,"mn":"ADBE Vector Group","hd":false},{"ty":"gr","it":[{"ind":0,"ty":"sh","ix":1,"ks":{"a":0,"k":{"i":[[5.801,-7.482],[0.241,19.338],[-5.534,7.137],[-21.807,-16.907]],"o":[[-26.485,2.129],[5.531,-7.133],[21.802,16.904],[-5.798,7.477]],"v":[[23.86,35.513],[-41.257,-15.591],[-24.16,-37.642],[41.256,13.076]],"c":true},"ix":2},"nm":"Path 1","mn":"ADBE Vector Shape - Group","hd":false},{"ty":"fl","c":{"a":0,"k":[0.180855889414,0.153157970952,0.26077079025,1],"ix":4},"o":{"a":0,"k":100,"ix":5},"r":1,"nm":"Fill 1","mn":"ADBE Vector Graphic - Fill","hd":false},{"ty":"tr","p":{"a":0,"k":[564.237,371.395],"ix":2},"a":{"a":0,"k":[0,0],"ix":1},"s":{"a":0,"k":[100,100],"ix":3},"r":{"a":0,"k":0,"ix":6},"o":{"a":0,"k":100,"ix":7},"sk":{"a":0,"k":0,"ix":4},"sa":{"a":0,"k":0,"ix":5},"nm":"Transform"}],"nm":"Group 20","np":2,"cix":2,"ix":20,"mn":"ADBE Vector Group","hd":false},{"ty":"gr","it":[{"ind":0,"ty":"sh","ix":1,"ks":{"a":0,"k":{"i":[[-43.374,-24.95],[16.014,-8.502],[12.038,-7.082],[52.429,-46.46],[50.049,-65.941],[0,0],[-60.127,53.28],[-64.386,36.153]],"o":[[18.243,14.874],[-12.072,6.371],[-55.092,32.395],[-57.293,50.763],[0,0],[52.676,-69.355],[61.171,-54.198],[42.956,-24.108]],"v":[[-11.462,-151.481],[-48.348,-117.035],[-87.75,-99.342],[-249.845,19.223],[-414.373,192.736],[-458.119,158.819],[-293.389,-29.823],[-103.917,-165.757]],"c":true},"ix":2},"nm":"Path 1","mn":"ADBE Vector Shape - Group","hd":false},{"ind":1,"ty":"sh","ix":2,"ks":{"a":0,"k":{"i":[[0,0],[0,0],[0,0],[0,0]],"o":[[0,0],[0,0],[0,0],[0,0]],"v":[[-6.781,-2018.135],[1247.219,-2018.135],[1247.219,189.865],[-6.781,189.865]],"c":true},"ix":2},"nm":"Path 2","mn":"ADBE Vector Shape - Group","hd":false},{"ty":"mm","mm":4,"nm":"Merge Paths 1","mn":"ADBE Vector Filter - Merge","hd":false},{"ty":"fl","c":{"a":0,"k":[0.180855889414,0.153157970952,0.26077079025,1],"ix":4},"o":{"a":0,"k":100,"ix":5},"r":1,"nm":"Fill 1","mn":"ADBE Vector Graphic - Fill","hd":false},{"ty":"tr","p":{"a":0,"k":[458.369,475.829],"ix":2},"a":{"a":0,"k":[0,0],"ix":1},"s":{"a":0,"k":[100,100],"ix":3},"r":{"a":0,"k":0,"ix":6},"o":{"a":0,"k":100,"ix":7},"sk":{"a":0,"k":0,"ix":4},"sa":{"a":0,"k":0,"ix":5},"nm":"Transform"}],"nm":"Group 21","np":4,"cix":2,"ix":21,"mn":"ADBE Vector Group","hd":false},{"ty":"gr","it":[{"ind":0,"ty":"sh","ix":1,"ks":{"a":0,"k":{"i":[[34.969,35.791],[4.242,-17.628],[3.859,-13.423],[31.933,-62.351],[51.391,-64.901],[0,0],[-36.624,71.503],[-18.97,71.364]],"o":[[-18.946,-13.959],[-3.163,13.279],[-17.65,61.425],[-34.893,68.13],[0,0],[54.047,-68.293],[37.254,-72.741],[12.651,-47.605]],"v":[[68.26,-89.761],[44.096,-45.452],[36.776,-2.885],[-37.669,183.637],[-162.872,387.639],[-117.892,422.513],[20.679,213.588],[105.123,-3.774]],"c":true},"ix":2},"nm":"Path 1","mn":"ADBE Vector Shape - Group","hd":false},{"ind":1,"ty":"sh","ix":2,"ks":{"a":0,"k":{"i":[[0,0],[0,0],[0,0],[0,0]],"o":[[0,0],[0,0],[0,0],[0,0]],"v":[[-117.775,-2104.28],[1136.225,-2104.28],[1136.225,103.72],[-117.775,103.72]],"c":true},"ix":2},"nm":"Path 2","mn":"ADBE Vector Shape - Group","hd":false},{"ty":"mm","mm":4,"nm":"Merge Paths 1","mn":"ADBE Vector Filter - Merge","hd":false},{"ty":"fl","c":{"a":0,"k":[0.180855889414,0.153157970952,0.26077079025,1],"ix":4},"o":{"a":0,"k":100,"ix":5},"r":1,"nm":"Fill 1","mn":"ADBE Vector Graphic - Fill","hd":false},{"ty":"tr","p":{"a":0,"k":[569.362,561.973],"ix":2},"a":{"a":0,"k":[0,0],"ix":1},"s":{"a":0,"k":[100,100],"ix":3},"r":{"a":0,"k":0,"ix":6},"o":{"a":0,"k":100,"ix":7},"sk":{"a":0,"k":0,"ix":4},"sa":{"a":0,"k":0,"ix":5},"nm":"Transform"}],"nm":"Group 22","np":4,"cix":2,"ix":22,"mn":"ADBE Vector Group","hd":false},{"ty":"gr","it":[{"ind":0,"ty":"sh","ix":1,"ks":{"a":0,"k":{"i":[[0,0],[0,0],[0,0],[0,0]],"o":[[0,0],[0,0],[0,0],[0,0]],"v":[[-1.754,-26.121],[-17.402,-28.353],[-18.136,28.353],[18.135,19.434]],"c":true},"ix":2},"nm":"Path 1","mn":"ADBE Vector Shape - Group","hd":false},{"ty":"fl","c":{"a":0,"k":[0.180855889414,0.153157970952,0.26077079025,1],"ix":4},"o":{"a":0,"k":100,"ix":5},"r":1,"nm":"Fill 1","mn":"ADBE Vector Graphic - Fill","hd":false},{"ty":"tr","p":{"a":0,"k":[519.415,385.025],"ix":2},"a":{"a":0,"k":[0,0],"ix":1},"s":{"a":0,"k":[100,100],"ix":3},"r":{"a":0,"k":0,"ix":6},"o":{"a":0,"k":100,"ix":7},"sk":{"a":0,"k":0,"ix":4},"sa":{"a":0,"k":0,"ix":5},"nm":"Transform"}],"nm":"Group 23","np":2,"cix":2,"ix":23,"mn":"ADBE Vector Group","hd":false},{"ty":"gr","it":[{"ind":0,"ty":"sh","ix":1,"ks":{"a":0,"k":{"i":[[0,0],[0,0],[0,0],[0,0]],"o":[[0,0],[0,0],[0,0],[0,0]],"v":[[21.509,-10.76],[27.568,3.839],[-27.165,18.676],[-27.568,-18.677]],"c":true},"ix":2},"nm":"Path 1","mn":"ADBE Vector Shape - Group","hd":false},{"ty":"fl","c":{"a":0,"k":[0.180855889414,0.153157970952,0.26077079025,1],"ix":4},"o":{"a":0,"k":100,"ix":5},"r":1,"nm":"Fill 1","mn":"ADBE Vector Graphic - Fill","hd":false},{"ty":"tr","p":{"a":0,"k":[565.119,423.135],"ix":2},"a":{"a":0,"k":[0,0],"ix":1},"s":{"a":0,"k":[100,100],"ix":3},"r":{"a":0,"k":0,"ix":6},"o":{"a":0,"k":100,"ix":7},"sk":{"a":0,"k":0,"ix":4},"sa":{"a":0,"k":0,"ix":5},"nm":"Transform"}],"nm":"Group 24","np":2,"cix":2,"ix":24,"mn":"ADBE Vector Group","hd":false},{"ty":"gr","it":[{"ind":0,"ty":"sh","ix":1,"ks":{"a":0,"k":{"i":[[0,0],[0,0],[0,0],[0,0]],"o":[[0,0],[0,0],[0,0],[0,0]],"v":[[-53.543,1.514],[11.873,52.232],[53.543,-1.514],[-11.873,-52.232]],"c":true},"ix":2},"nm":"Path 1","mn":"ADBE Vector Shape - Group","hd":false},{"ty":"fl","c":{"a":0,"k":[0.180855889414,0.153157970952,0.26077079025,1],"ix":4},"o":{"a":0,"k":100,"ix":5},"r":1,"nm":"Fill 1","mn":"ADBE Vector Graphic - Fill","hd":false},{"ty":"tr","p":{"a":0,"k":[557.935,378.266],"ix":2},"a":{"a":0,"k":[0,0],"ix":1},"s":{"a":0,"k":[100,100],"ix":3},"r":{"a":0,"k":0,"ix":6},"o":{"a":0,"k":100,"ix":7},"sk":{"a":0,"k":0,"ix":4},"sa":{"a":0,"k":0,"ix":5},"nm":"Transform"}],"nm":"Group 25","np":2,"cix":2,"ix":25,"mn":"ADBE Vector Group","hd":false},{"ty":"gr","it":[{"ind":0,"ty":"sh","ix":1,"ks":{"a":0,"k":{"i":[[0,0],[0,0],[-5.701,6.643],[35.175,34.762],[41.65,24.948],[30.439,-55.327],[5.009,-7.172],[0,0]],"o":[[0,0],[5.697,-6.639],[46.002,-43.261],[-34.537,-34.121],[-42.426,-25.403],[-5.013,7.176],[0,0],[0,0]],"v":[[-211.823,362.6],[45.208,81.143],[62.308,61.219],[57.391,-35.293],[-84.332,-145.173],[-179.026,-125.891],[-194.057,-104.363],[-399.52,217.076]],"c":true},"ix":2},"nm":"Path 1","mn":"ADBE Vector Shape - Group","hd":false},{"ind":1,"ty":"sh","ix":2,"ks":{"a":0,"k":{"i":[[0,0],[0,0],[0,0],[0,0]],"o":[[0,0],[0,0],[0,0],[0,0]],"v":[[-108.31,-2026.782],[1145.69,-2026.782],[1145.69,181.218],[-108.31,181.218]],"c":true},"ix":2},"nm":"Path 2","mn":"ADBE Vector Shape - Group","hd":false},{"ty":"mm","mm":4,"nm":"Merge Paths 1","mn":"ADBE Vector Filter - Merge","hd":false},{"ty":"fl","c":{"a":0,"k":[0.180855889414,0.153157970952,0.26077079025,1],"ix":4},"o":{"a":0,"k":100,"ix":5},"r":1,"nm":"Fill 1","mn":"ADBE Vector Graphic - Fill","hd":false},{"ty":"tr","p":{"a":0,"k":[559.898,484.476],"ix":2},"a":{"a":0,"k":[0,0],"ix":1},"s":{"a":0,"k":[100,100],"ix":3},"r":{"a":0,"k":0,"ix":6},"o":{"a":0,"k":100,"ix":7},"sk":{"a":0,"k":0,"ix":4},"sa":{"a":0,"k":0,"ix":5},"nm":"Transform"}],"nm":"Group 26","np":4,"cix":2,"ix":26,"mn":"ADBE Vector Group","hd":false}],"ip":0,"op":3596.00014646808,"st":0,"bm":0},{"ddd":0,"ind":6,"ty":0,"nm":"Grey haired man speech bubble","refId":"comp_5","sr":1,"ks":{"o":{"a":0,"k":100,"ix":11},"r":{"a":0,"k":0,"ix":10},"p":{"a":0,"k":[715,1768,0],"ix":2},"a":{"a":0,"k":[715,1768,0],"ix":1},"s":{"a":1,"k":[{"i":{"x":[0.833,0.833,0.833],"y":[0.833,0.833,0.833]},"o":{"x":[0.167,0.167,0.167],"y":[0.167,0.167,0.167]},"n":["0p833_0p833_0p167_0p167","0p833_0p833_0p167_0p167","0p833_0p833_0p167_0p167"],"t":39,"s":[0,0,100],"e":[120,120,100]},{"i":{"x":[0.833,0.833,0.833],"y":[0.833,0.833,0.833]},"o":{"x":[0.167,0.167,0.167],"y":[0.167,0.167,0.167]},"n":["0p833_0p833_0p167_0p167","0p833_0p833_0p167_0p167","0p833_0p833_0p167_0p167"],"t":42,"s":[120,120,100],"e":[90,90,100]},{"i":{"x":[0.833,0.833,0.833],"y":[0.833,0.833,0.833]},"o":{"x":[0.167,0.167,0.167],"y":[0.167,0.167,0.167]},"n":["0p833_0p833_0p167_0p167","0p833_0p833_0p167_0p167","0p833_0p833_0p167_0p167"],"t":44,"s":[90,90,100],"e":[100,100,100]},{"t":46.0000018736184}],"ix":6}},"ao":0,"w":1254,"h":2208,"ip":0,"op":3596.00014646808,"st":0,"bm":0},{"ddd":0,"ind":7,"ty":2,"nm":"BG","refId":"image_3","sr":1,"ks":{"o":{"a":0,"k":100,"ix":11},"r":{"a":0,"k":0,"ix":10},"p":{"a":0,"k":[632.517,1103,0],"ix":2},"a":{"a":0,"k":[621.25,1100.745,0],"ix":1},"s":{"a":0,"k":[100,100,100],"ix":6}},"ao":0,"ip":0,"op":3596.00014646808,"st":0,"bm":0}]},{"id":"comp_3","layers":[{"ddd":0,"ind":1,"ty":2,"nm":"Layer 10","refId":"image_0","sr":1,"ks":{"o":{"a":0,"k":100,"ix":11},"r":{"a":0,"k":0,"ix":10},"p":{"a":0,"k":[727.114,550.879,0],"ix":2},"a":{"a":0,"k":[242.68,91.76,0],"ix":1},"s":{"a":0,"k":[100,100,100],"ix":6}},"ao":0,"ip":0,"op":3596.00014646808,"st":0,"bm":0},{"ddd":0,"ind":2,"ty":4,"nm":"Message BG for Red Hair Outlines","sr":1,"ks":{"o":{"a":0,"k":100,"ix":11},"r":{"a":0,"k":0,"ix":10},"p":{"a":0,"k":[727.823,581.149,0],"ix":2},"a":{"a":0,"k":[452.778,215.48,0],"ix":1},"s":{"a":0,"k":[100,100,100],"ix":6}},"ao":0,"shapes":[{"ty":"gr","it":[{"ind":0,"ty":"sh","ix":1,"ks":{"a":0,"k":{"i":[[5.301,0],[0,0],[0,-5.862],[0,0],[-5.3,0],[0,0],[34.499,-25.794],[0,0],[0,0],[0,5.862],[0,0]],"o":[[0,0],[-5.3,0],[0,0],[0,5.862],[0,0],[0,0],[89.996,0],[0,0],[5.301,0],[0,0],[0,-5.862]],"v":[[405.641,-177.981],[-405.641,-177.981],[-415.278,-167.321],[-415.278,109.636],[-405.641,120.294],[-159.733,120.294],[-192.732,177.981],[-69.019,120.294],[405.641,120.294],[415.278,109.636],[415.278,-167.321]],"c":true},"ix":2},"nm":"Path 1","mn":"ADBE Vector Shape - Group","hd":false},{"ty":"st","c":{"a":0,"k":[0.832211303711,0.914223405427,0.85545648313,1],"ix":3},"o":{"a":0,"k":100,"ix":4},"w":{"a":0,"k":15,"ix":5},"lc":1,"lj":1,"ml":10,"nm":"Stroke 1","mn":"ADBE Vector Graphic - Stroke","hd":false},{"ty":"fl","c":{"a":0,"k":[0.999999940162,0.999999940162,1,1],"ix":4},"o":{"a":0,"k":100,"ix":5},"r":1,"nm":"Fill 1","mn":"ADBE Vector Graphic - Fill","hd":false},{"ty":"tr","p":{"a":0,"k":[452.778,215.481],"ix":2},"a":{"a":0,"k":[0,0],"ix":1},"s":{"a":0,"k":[100,100],"ix":3},"r":{"a":0,"k":0,"ix":6},"o":{"a":0,"k":100,"ix":7},"sk":{"a":0,"k":0,"ix":4},"sa":{"a":0,"k":0,"ix":5},"nm":"Transform"}],"nm":"Group 1","np":3,"cix":2,"ix":1,"mn":"ADBE Vector Group","hd":false}],"ip":0,"op":3596.00014646808,"st":0,"bm":0}]},{"id":"comp_4","layers":[{"ddd":0,"ind":1,"ty":2,"nm":"We should never have trusted you","refId":"image_1","sr":1,"ks":{"o":{"a":0,"k":100,"ix":11},"r":{"a":0,"k":0,"ix":10},"p":{"a":0,"k":[519.606,1121.213,0],"ix":2},"a":{"a":0,"k":[236.96,91.76,0],"ix":1},"s":{"a":0,"k":[100,100,100],"ix":6}},"ao":0,"ip":0,"op":3596.00014646808,"st":0,"bm":0},{"ddd":0,"ind":2,"ty":4,"nm":"Message Background Black Hair Outlines","sr":1,"ks":{"o":{"a":0,"k":100,"ix":11},"r":{"a":0,"k":0,"ix":10},"p":{"a":0,"k":[526.849,1156.453,0],"ix":2},"a":{"a":0,"k":[452.778,215.48,0],"ix":1},"s":{"a":0,"k":[100,100,100],"ix":6}},"ao":0,"shapes":[{"ty":"gr","it":[{"ind":0,"ty":"sh","ix":1,"ks":{"a":0,"k":{"i":[[-5.3,0],[0,0],[0,-5.863],[0,0],[5.3,0],[0,0],[-34.498,-25.794],[0,0],[0,0],[0,5.862],[0,0]],"o":[[0,0],[5.3,0],[0,0],[0,5.862],[0,0],[0,0],[-89.996,0],[0,0],[-5.3,0],[0,0],[0,-5.863]],"v":[[-405.641,-177.981],[405.641,-177.981],[415.278,-167.321],[415.278,109.636],[405.641,120.295],[159.733,120.295],[192.732,177.98],[69.019,120.295],[-405.641,120.295],[-415.278,109.636],[-415.278,-167.321]],"c":true},"ix":2},"nm":"Path 1","mn":"ADBE Vector Shape - Group","hd":false},{"ty":"st","c":{"a":0,"k":[0.832211303711,0.914223405427,0.85545648313,1],"ix":3},"o":{"a":0,"k":100,"ix":4},"w":{"a":0,"k":15,"ix":5},"lc":1,"lj":1,"ml":10,"nm":"Stroke 1","mn":"ADBE Vector Graphic - Stroke","hd":false},{"ty":"fl","c":{"a":0,"k":[0.999999940162,0.999999940162,1,1],"ix":4},"o":{"a":0,"k":100,"ix":5},"r":1,"nm":"Fill 1","mn":"ADBE Vector Graphic - Fill","hd":false},{"ty":"tr","p":{"a":0,"k":[452.778,215.48],"ix":2},"a":{"a":0,"k":[0,0],"ix":1},"s":{"a":0,"k":[100,100],"ix":3},"r":{"a":0,"k":0,"ix":6},"o":{"a":0,"k":100,"ix":7},"sk":{"a":0,"k":0,"ix":4},"sa":{"a":0,"k":0,"ix":5},"nm":"Transform"}],"nm":"Group 1","np":3,"cix":2,"ix":1,"mn":"ADBE Vector Group","hd":false}],"ip":0,"op":3596.00014646808,"st":0,"bm":0}]},{"id":"comp_5","layers":[{"ddd":0,"ind":1,"ty":2,"nm":"Layer 8","refId":"image_2","sr":1,"ks":{"o":{"a":0,"k":100,"ix":11},"r":{"a":0,"k":0,"ix":10},"p":{"a":0,"k":[727.114,1734.323,0],"ix":2},"a":{"a":0,"k":[242.68,91.76,0],"ix":1},"s":{"a":0,"k":[100,100,100],"ix":6}},"ao":0,"ip":0,"op":3596.00014646808,"st":0,"bm":0},{"ddd":0,"ind":2,"ty":4,"nm":"Message BG for Grey Hair Outlines","sr":1,"ks":{"o":{"a":0,"k":100,"ix":11},"r":{"a":0,"k":0,"ix":10},"p":{"a":0,"k":[730.823,1764.176,0],"ix":2},"a":{"a":0,"k":[452.778,215.48,0],"ix":1},"s":{"a":0,"k":[100,100,100],"ix":6}},"ao":0,"shapes":[{"ty":"gr","it":[{"ind":0,"ty":"sh","ix":1,"ks":{"a":0,"k":{"i":[[5.3,0],[0,0],[0,-5.863],[0,0],[-5.3,0],[0,0],[34.498,-25.794],[0,0],[0,0],[0,5.862],[0,0]],"o":[[0,0],[-5.3,0],[0,0],[0,5.862],[0,0],[0,0],[89.996,0],[0,0],[5.3,0],[0,0],[0,-5.863]],"v":[[405.641,-177.98],[-405.641,-177.98],[-415.278,-167.321],[-415.278,109.636],[-405.641,120.295],[-159.733,120.295],[-192.732,177.981],[-69.019,120.295],[405.641,120.295],[415.278,109.636],[415.278,-167.321]],"c":true},"ix":2},"nm":"Path 1","mn":"ADBE Vector Shape - Group","hd":false},{"ty":"st","c":{"a":0,"k":[0.832211303711,0.914223405427,0.85545648313,1],"ix":3},"o":{"a":0,"k":100,"ix":4},"w":{"a":0,"k":15,"ix":5},"lc":1,"lj":1,"ml":10,"nm":"Stroke 1","mn":"ADBE Vector Graphic - Stroke","hd":false},{"ty":"fl","c":{"a":0,"k":[0.999999940162,0.999999940162,1,1],"ix":4},"o":{"a":0,"k":100,"ix":5},"r":1,"nm":"Fill 1","mn":"ADBE Vector Graphic - Fill","hd":false},{"ty":"tr","p":{"a":0,"k":[452.778,215.48],"ix":2},"a":{"a":0,"k":[0,0],"ix":1},"s":{"a":0,"k":[100,100],"ix":3},"r":{"a":0,"k":0,"ix":6},"o":{"a":0,"k":100,"ix":7},"sk":{"a":0,"k":0,"ix":4},"sa":{"a":0,"k":0,"ix":5},"nm":"Transform"}],"nm":"Group 1","np":3,"cix":2,"ix":1,"mn":"ADBE Vector Group","hd":false}],"ip":0,"op":3596.00014646808,"st":0,"bm":0}]}],"layers":[{"ddd":0,"ind":1,"ty":0,"nm":"Face Popping","refId":"comp_2","sr":1,"ks":{"o":{"a":0,"k":100,"ix":11},"r":{"a":0,"k":0,"ix":10},"p":{"a":0,"k":[627,1104,0],"ix":2},"a":{"a":0,"k":[627,1104,0],"ix":1},"s":{"a":0,"k":[103.828,100.725,100],"ix":6}},"ao":0,"w":1254,"h":2208,"ip":0,"op":3596.00014646808,"st":0,"bm":0}]}