{"v":"4.10.1","fr":29.9700012207031,"ip":0,"op":57.0000023216576,"w":1242,"h":2208,"nm":"Shooting star","ddd":0,"assets":[{"id":"image_0","w":593,"h":385,"u":"images/","p":"img_0.png"},{"id":"image_1","w":1246,"h":2211,"u":"images/","p":"img_1.png"}],"layers":[{"ddd":0,"ind":1,"ty":2,"nm":"Shooting Star","refId":"image_0","sr":1,"ks":{"o":{"a":1,"k":[{"i":{"x":[0.833],"y":[0.833]},"o":{"x":[0.167],"y":[0.167]},"n":["0p833_0p833_0p167_0p167"],"t":0,"s":[0],"e":[100]},{"i":{"x":[0.833],"y":[0.833]},"o":{"x":[0.167],"y":[0.167]},"n":["0p833_0p833_0p167_0p167"],"t":5,"s":[100],"e":[100]},{"i":{"x":[0.833],"y":[0.833]},"o":{"x":[0.167],"y":[0.167]},"n":["0p833_0p833_0p167_0p167"],"t":15,"s":[100],"e":[0]},{"t":20.0000008146167}],"ix":11},"r":{"a":0,"k":0,"ix":10},"p":{"a":1,"k":[{"i":{"x":0.833,"y":0.833},"o":{"x":0.167,"y":0.167},"n":"0p833_0p833_0p167_0p167","t":0,"s":[1263.422,-7.044,0],"e":[-400.578,1024.956,0],"to":[-277.333343505859,172,0],"ti":[277.333343505859,-172,0]},{"t":20.0000008146167}],"ix":2},"a":{"a":0,"k":[28.076,360.392,0],"ix":1},"s":{"a":0,"k":[83,83,100],"ix":6}},"ao":0,"ip":0,"op":1798.00007323404,"st":0,"bm":0},{"ddd":0,"ind":2,"ty":2,"nm":"Layer 1","refId":"image_1","sr":1,"ks":{"o":{"a":0,"k":100,"ix":11},"r":{"a":0,"k":0,"ix":10},"p":{"a":0,"k":[622.063,1104.025,0],"ix":2},"a":{"a":0,"k":[622.877,1105.225,0],"ix":1},"s":{"a":0,"k":[100,100,100],"ix":6}},"ao":0,"ip":0,"op":1798.00007323404,"st":0,"bm":0}]}