{"v":"4.10.1","fr":29.9700012207031,"ip":0,"op":3596.00014646808,"w":1241,"h":2208,"nm":"Comp 1","ddd":0,"assets":[{"id":"comp_7","layers":[{"ddd":0,"ind":1,"ty":4,"nm":"Clog 4 Graph Outlines","sr":1,"ks":{"o":{"a":0,"k":100,"ix":11},"r":{"a":0,"k":0,"ix":10},"p":{"a":0,"k":[745.333,1225.891,0],"ix":2},"a":{"a":0,"k":[37.204,41.804,0],"ix":1},"s":{"a":0,"k":[100,100,100],"ix":6}},"ao":0,"shapes":[{"ty":"gr","it":[{"ind":0,"ty":"sh","ix":1,"ks":{"a":0,"k":{"i":[[2.554,0],[0,0],[0,-2.554],[0,0],[0,0],[0,0]],"o":[[0,0],[-2.55,0],[0,0],[0,0],[0,0],[0,-2.554]],"v":[[-23.096,13.876],[-32.334,13.876],[-36.954,18.495],[-36.954,41.555],[-18.477,41.555],[-18.477,18.495]],"c":true},"ix":2},"nm":"Path 1","mn":"ADBE Vector Shape - Group","hd":false},{"ind":1,"ty":"sh","ix":2,"ks":{"a":0,"k":{"i":[[2.555,0],[0,0],[0,-2.555],[0,0],[0,0],[0,0]],"o":[[0,0],[-2.55,0],[0,0],[0,0],[0,0],[0,-2.555]],"v":[[4.619,-13.839],[-4.619,-13.839],[-9.238,-9.219],[-9.238,41.555],[9.239,41.555],[9.239,-9.219]],"c":true},"ix":2},"nm":"Path 2","mn":"ADBE Vector Shape - Group","hd":false},{"ind":2,"ty":"sh","ix":3,"ks":{"a":0,"k":{"i":[[2.554,0],[0,0],[0,-2.554],[0,0],[0,0],[0,0]],"o":[[0,0],[-2.549,0],[0,0],[0,0],[0,0],[0,-2.554]],"v":[[32.335,-41.555],[23.096,-41.555],[18.477,-36.935],[18.477,41.555],[36.954,41.555],[36.954,-36.935]],"c":true},"ix":2},"nm":"Path 3","mn":"ADBE Vector Shape - Group","hd":false},{"ty":"mm","mm":1,"nm":"Merge Paths 1","mn":"ADBE Vector Filter - Merge","hd":false},{"ty":"fl","c":{"a":0,"k":[0.134841170965,0.118473785999,0.212412082448,1],"ix":4},"o":{"a":0,"k":100,"ix":5},"r":1,"nm":"Fill 1","mn":"ADBE Vector Graphic - Fill","hd":false},{"ty":"tr","p":{"a":0,"k":[37.204,41.805],"ix":2},"a":{"a":0,"k":[0,0],"ix":1},"s":{"a":0,"k":[100,100],"ix":3},"r":{"a":0,"k":0,"ix":6},"o":{"a":0,"k":100,"ix":7},"sk":{"a":0,"k":0,"ix":4},"sa":{"a":0,"k":0,"ix":5},"nm":"Transform"}],"nm":"Group 1","np":5,"cix":2,"ix":1,"mn":"ADBE Vector Group","hd":false}],"ip":0,"op":1798.00007323404,"st":0,"bm":0},{"ddd":0,"ind":2,"ty":4,"nm":"Clog 4 Outlines","sr":1,"ks":{"o":{"a":0,"k":100,"ix":11},"r":{"a":1,"k":[{"i":{"x":[0.833],"y":[0.833]},"o":{"x":[0.167],"y":[0.167]},"n":["0p833_0p833_0p167_0p167"],"t":0,"s":[0],"e":[3240]},{"t":1797.00007319331}],"ix":10},"p":{"a":0,"k":[749.368,1228.097,0],"ix":2},"a":{"a":0,"k":[151.492,151.482,0],"ix":1},"s":{"a":0,"k":[100,100,100],"ix":6}},"ao":0,"shapes":[{"ty":"gr","it":[{"ind":0,"ty":"sh","ix":1,"ks":{"a":0,"k":{"i":[[47.938,0],[0,47.938],[-47.938,0],[0,-47.939]],"o":[[-47.938,0],[0,-47.939],[47.938,0],[0,47.938]],"v":[[0,86.799],[-86.799,0],[0,-86.8],[86.799,0]],"c":true},"ix":2},"nm":"Path 1","mn":"ADBE Vector Shape - Group","hd":false},{"ind":1,"ty":"sh","ix":2,"ks":{"a":0,"k":{"i":[[0,18.849],[-17.481,10.225],[5.131,9.487],[13.34,13.358],[-5.131,19.623],[10.514,3.114],[18.849,0],[10.243,17.463],[9.487,-5.131],[13.376,-13.323],[19.623,5.131],[3.133,-10.514],[0,-18.884],[17.463,-10.244],[-5.131,-9.506],[-13.322,-13.34],[5.131,-19.587],[-10.532,-3.15],[-18.867,0],[-10.243,-17.499],[-9.505,5.131],[-13.358,13.358],[-19.605,-5.095],[-3.151,10.55]],"o":[[0,-18.884],[-3.169,-10.514],[-19.605,5.131],[-13.34,-13.323],[-9.487,-5.131],[-10.225,17.463],[-18.867,0],[-10.532,3.114],[5.131,19.623],[-13.322,13.358],[-5.131,9.487],[17.463,10.225],[0,18.849],[3.151,10.514],[19.623,-5.131],[13.34,13.358],[9.487,5.131],[10.225,-17.516],[18.849,0],[10.514,-3.168],[-5.131,-19.587],[13.34,-13.322],[5.131,-9.487],[-17.517,-10.243]],"v":[[122.095,-0.01],[151.206,-43.99],[138.748,-74.091],[89.942,-89.987],[77.646,-138.793],[47.545,-151.232],[-0.018,-122.159],[-47.599,-151.232],[-77.682,-138.793],[-89.996,-89.987],[-138.802,-74.091],[-151.242,-43.99],[-122.167,-0.01],[-151.242,47.572],[-138.802,77.673],[-89.996,89.951],[-77.682,138.756],[-47.581,151.232],[0,122.122],[47.581,151.232],[77.682,138.756],[89.978,89.951],[138.784,74.054],[151.242,43.953]],"c":true},"ix":2},"nm":"Path 2","mn":"ADBE Vector Shape - Group","hd":false},{"ty":"mm","mm":1,"nm":"Merge Paths 1","mn":"ADBE Vector Filter - Merge","hd":false},{"ty":"fl","c":{"a":0,"k":[0.134841170965,0.118473785999,0.212412082448,1],"ix":4},"o":{"a":0,"k":100,"ix":5},"r":1,"nm":"Fill 1","mn":"ADBE Vector Graphic - Fill","hd":false},{"ty":"tr","p":{"a":0,"k":[151.492,151.483],"ix":2},"a":{"a":0,"k":[0,0],"ix":1},"s":{"a":0,"k":[100,100],"ix":3},"r":{"a":0,"k":0,"ix":6},"o":{"a":0,"k":100,"ix":7},"sk":{"a":0,"k":0,"ix":4},"sa":{"a":0,"k":0,"ix":5},"nm":"Transform"}],"nm":"Group 1","np":4,"cix":2,"ix":1,"mn":"ADBE Vector Group","hd":false}],"ip":0,"op":1798.00007323404,"st":0,"bm":0},{"ddd":0,"ind":3,"ty":4,"nm":"Clog 3 Clock Outlines","sr":1,"ks":{"o":{"a":0,"k":100,"ix":11},"r":{"a":0,"k":0,"ix":10},"p":{"a":0,"k":[984.539,1014.945,0],"ix":2},"a":{"a":0,"k":[25.137,27.516,0],"ix":1},"s":{"a":0,"k":[100,100,100],"ix":6}},"ao":0,"shapes":[{"ty":"gr","it":[{"ind":0,"ty":"sh","ix":1,"ks":{"a":0,"k":{"i":[[9.618,0],[0,9.618],[-9.618,0],[0,-9.618]],"o":[[-9.615,0],[0,-9.618],[9.618,0],[0,9.615]],"v":[[-1.758,21.556],[-19.173,4.142],[-1.758,-13.273],[15.66,4.142]],"c":true},"ix":2},"nm":"Path 1","mn":"ADBE Vector Shape - Group","hd":false},{"ind":1,"ty":"sh","ix":2,"ks":{"a":0,"k":{"i":[[12.77,0],[0,-12.773],[-12.776,0],[0,12.776]],"o":[[-12.776,0],[0,12.776],[12.77,0],[0,-12.77]],"v":[[-1.758,-18.987],[-24.887,4.138],[-1.758,27.267],[21.367,4.138]],"c":true},"ix":2},"nm":"Path 2","mn":"ADBE Vector Shape - Group","hd":false},{"ind":2,"ty":"sh","ix":3,"ks":{"a":0,"k":{"i":[[0.371,0.434],[0.62,0.619],[0.654,0.551],[0.814,-0.813],[0,0],[-1.034,-1.03],[-0.825,-1.151],[-0.811,0.813]],"o":[[-0.548,-0.656],[-0.616,-0.62],[-0.436,-0.369],[-0.811,0.814],[1.148,0.822],[1.033,1.031],[0,0],[0.816,-0.817]],"v":[[24.216,-18.17],[22.466,-20.088],[20.553,-21.838],[18.017,-21.694],[13.313,-16.991],[16.611,-14.233],[19.368,-10.935],[24.071,-15.638]],"c":true},"ix":2},"nm":"Path 3","mn":"ADBE Vector Shape - Group","hd":false},{"ind":3,"ty":"sh","ix":4,"ks":{"a":0,"k":{"i":[[-0.939,0.328],[-2.961,0],[-2.65,-0.922],[0.551,1.416],[0.157,0.408],[0.582,0.132],[2.35,0],[2.206,-0.497],[0.374,-0.968],[0.4,-1.028]],"o":[[2.65,-0.922],[2.961,0],[0.939,0.326],[-0.403,-1.028],[-0.374,-0.968],[-2.204,-0.497],[-2.35,0],[-0.583,0.132],[-0.157,0.408],[-0.551,1.416]],"v":[[-10.207,-20.409],[-1.758,-21.841],[6.69,-20.409],[8.323,-22.153],[7.375,-24.593],[5.079,-26.492],[-1.758,-27.267],[-8.598,-26.492],[-10.892,-24.593],[-11.84,-22.153]],"c":true},"ix":2},"nm":"Path 4","mn":"ADBE Vector Shape - Group","hd":false},{"ind":4,"ty":"sh","ix":5,"ks":{"a":0,"k":{"i":[[1.273,-0.788],[-1.145,-1.844],[-1.613,0.994],[0.999,1.616]],"o":[[-1.277,0.785],[0.999,1.625],[1.622,-1.005],[-1.133,-1.85]],"v":[[-9.249,-8.009],[-4.687,5.945],[0.046,7.07],[1.173,2.331]],"c":true},"ix":2},"nm":"Path 5","mn":"ADBE Vector Shape - Group","hd":false},{"ty":"mm","mm":1,"nm":"Merge Paths 1","mn":"ADBE Vector Filter - Merge","hd":false},{"ty":"fl","c":{"a":0,"k":[0.134841170965,0.118473785999,0.212412082448,1],"ix":4},"o":{"a":0,"k":100,"ix":5},"r":1,"nm":"Fill 1","mn":"ADBE Vector Graphic - Fill","hd":false},{"ty":"tr","p":{"a":0,"k":[25.136,27.517],"ix":2},"a":{"a":0,"k":[0,0],"ix":1},"s":{"a":0,"k":[100,100],"ix":3},"r":{"a":0,"k":0,"ix":6},"o":{"a":0,"k":100,"ix":7},"sk":{"a":0,"k":0,"ix":4},"sa":{"a":0,"k":0,"ix":5},"nm":"Transform"}],"nm":"Group 1","np":7,"cix":2,"ix":1,"mn":"ADBE Vector Group","hd":false}],"ip":0,"op":1798.00007323404,"st":0,"bm":0},{"ddd":0,"ind":4,"ty":4,"nm":"Clog 3 Outlines","sr":1,"ks":{"o":{"a":0,"k":100,"ix":11},"r":{"a":1,"k":[{"i":{"x":[0.833],"y":[0.833]},"o":{"x":[0.167],"y":[0.167]},"n":["0p833_0p833_0p167_0p167"],"t":0,"s":[0],"e":[3240]},{"t":1797.00007319331}],"ix":10},"p":{"a":0,"k":[983.864,1017.601,0],"ix":2},"a":{"a":0,"k":[85.68,85.674,0],"ix":1},"s":{"a":0,"k":[100,100,100],"ix":6}},"ao":0,"shapes":[{"ty":"gr","it":[{"ind":0,"ty":"sh","ix":1,"ks":{"a":0,"k":{"i":[[27.078,0],[0,27.078],[-27.078,0],[0,-27.078]],"o":[[-27.078,0],[0,-27.078],[27.078,0],[0,27.078]],"v":[[0,49.029],[-49.029,0.001],[0,-49.029],[49.029,0.001]],"c":true},"ix":2},"nm":"Path 1","mn":"ADBE Vector Shape - Group","hd":false},{"ind":1,"ty":"sh","ix":2,"ks":{"a":0,"k":{"i":[[0,10.647],[-9.874,5.776],[2.899,5.359],[7.535,7.546],[-2.898,11.084],[5.939,1.76],[10.647,0],[5.786,9.864],[5.359,-2.898],[7.556,-7.525],[11.084,2.899],[1.77,-5.939],[0,-10.668],[9.864,-5.786],[-2.898,-5.369],[-7.525,-7.535],[2.898,-11.064],[-5.949,-1.779],[-10.657,0],[-5.787,-9.884],[-5.369,2.898],[-7.546,7.546],[-11.074,-2.878],[-1.78,5.959]],"o":[[0,-10.668],[-1.789,-5.939],[-11.074,2.899],[-7.535,-7.525],[-5.359,-2.898],[-5.776,9.864],[-10.657,0],[-5.949,1.76],[2.898,11.084],[-7.525,7.546],[-2.898,5.359],[9.864,5.776],[0,10.647],[1.78,5.939],[11.084,-2.898],[7.536,7.546],[5.359,2.898],[5.776,-9.894],[10.647,0],[5.938,-1.789],[-2.898,-11.064],[7.535,-7.525],[2.898,-5.359],[-9.895,-5.786]],"v":[[68.966,-0.004],[85.409,-24.847],[78.372,-41.85],[50.804,-50.829],[43.859,-78.398],[26.856,-85.424],[-0.01,-69.001],[-26.887,-85.424],[-43.879,-78.398],[-50.835,-50.829],[-78.403,-41.85],[-85.43,-24.847],[-69.007,-0.004],[-85.43,26.872],[-78.403,43.875],[-50.835,50.81],[-43.879,78.378],[-26.877,85.424],[0,68.982],[26.877,85.424],[43.879,78.378],[50.825,50.81],[78.393,41.831],[85.43,24.828]],"c":true},"ix":2},"nm":"Path 2","mn":"ADBE Vector Shape - Group","hd":false},{"ty":"mm","mm":1,"nm":"Merge Paths 1","mn":"ADBE Vector Filter - Merge","hd":false},{"ty":"fl","c":{"a":0,"k":[0.134841170965,0.118473785999,0.212412082448,1],"ix":4},"o":{"a":0,"k":100,"ix":5},"r":1,"nm":"Fill 1","mn":"ADBE Vector Graphic - Fill","hd":false},{"ty":"tr","p":{"a":0,"k":[85.68,85.674],"ix":2},"a":{"a":0,"k":[0,0],"ix":1},"s":{"a":0,"k":[100,100],"ix":3},"r":{"a":0,"k":0,"ix":6},"o":{"a":0,"k":100,"ix":7},"sk":{"a":0,"k":0,"ix":4},"sa":{"a":0,"k":0,"ix":5},"nm":"Transform"}],"nm":"Group 1","np":4,"cix":2,"ix":1,"mn":"ADBE Vector Group","hd":false}],"ip":0,"op":1798.00007323404,"st":0,"bm":0},{"ddd":0,"ind":5,"ty":4,"nm":"Clog 2 Light bulb Outlines","sr":1,"ks":{"o":{"a":0,"k":100,"ix":11},"r":{"a":0,"k":0,"ix":10},"p":{"a":0,"k":[1076.18,1322.753,0],"ix":2},"a":{"a":0,"k":[24.245,33.038,0],"ix":1},"s":{"a":0,"k":[100,100,100],"ix":6}},"ao":0,"shapes":[{"ty":"gr","it":[{"ind":0,"ty":"sh","ix":1,"ks":{"a":0,"k":{"i":[[-0.373,4.663],[-9.454,0],[-0.678,-8.507],[3.615,-5.086],[1.47,-5.77],[0,0],[2.669,3.756]],"o":[[0.678,-8.508],[9.451,0],[0.37,4.664],[-2.666,3.753],[0,0],[-1.471,-5.77],[-3.612,-5.083]],"v":[[-16.372,-13.146],[0.001,-26.245],[15.92,-13.248],[9.996,-0.391],[3.276,13.051],[-3.273,13.051],[-9.996,-0.394]],"c":true},"ix":2},"nm":"Path 1","mn":"ADBE Vector Shape - Group","hd":false},{"ind":1,"ty":"sh","ix":2,"ks":{"a":0,"k":{"i":[[0,0],[1.136,14.212],[16.069,0],[0.717,-8.97],[0,-14.268]],"o":[[0,-14.268],[-0.714,-8.966],[-16.068,0],[-1.136,14.208],[0,0]],"v":[[8.833,19.601],[22.859,-13.762],[0.001,-32.788],[-22.859,-13.758],[-8.83,19.601]],"c":true},"ix":2},"nm":"Path 2","mn":"ADBE Vector Shape - Group","hd":false},{"ind":2,"ty":"sh","ix":3,"ks":{"a":0,"k":{"i":[[0,0],[-3.644,0.089],[-2.583,1.67],[0,0],[0,0]],"o":[[2.584,1.67],[3.639,0.089],[0,0],[0,0],[0,0]],"v":[[-9.214,29.988],[0.001,32.699],[9.216,29.988],[9.161,22.875],[-9.158,22.875]],"c":true},"ix":2},"nm":"Path 3","mn":"ADBE Vector Shape - Group","hd":false},{"ty":"mm","mm":1,"nm":"Merge Paths 1","mn":"ADBE Vector Filter - Merge","hd":false},{"ty":"fl","c":{"a":0,"k":[0.134841170965,0.118473785999,0.212412082448,1],"ix":4},"o":{"a":0,"k":100,"ix":5},"r":1,"nm":"Fill 1","mn":"ADBE Vector Graphic - Fill","hd":false},{"ty":"tr","p":{"a":0,"k":[24.245,33.038],"ix":2},"a":{"a":0,"k":[0,0],"ix":1},"s":{"a":0,"k":[100,100],"ix":3},"r":{"a":0,"k":0,"ix":6},"o":{"a":0,"k":100,"ix":7},"sk":{"a":0,"k":0,"ix":4},"sa":{"a":0,"k":0,"ix":5},"nm":"Transform"}],"nm":"Group 1","np":5,"cix":2,"ix":1,"mn":"ADBE Vector Group","hd":false}],"ip":0,"op":1798.00007323404,"st":0,"bm":0},{"ddd":0,"ind":6,"ty":4,"nm":"Clog 2 Outlines","sr":1,"ks":{"o":{"a":0,"k":100,"ix":11},"r":{"a":1,"k":[{"i":{"x":[0.833],"y":[0.833]},"o":{"x":[0.167],"y":[0.167]},"n":["0p833_0p833_0p167_0p167"],"t":0,"s":[0],"e":[3240]},{"t":1797.00007319331}],"ix":10},"p":{"a":0,"k":[1076.179,1322.711,0],"ix":2},"a":{"a":0,"k":[105.096,105.09,0],"ix":1},"s":{"a":0,"k":[100,100,100],"ix":6}},"ao":0,"shapes":[{"ty":"gr","it":[{"ind":0,"ty":"sh","ix":1,"ks":{"a":0,"k":{"i":[[33.232,0],[0,33.232],[-33.232,0],[0,-33.233]],"o":[[-33.232,0],[0,-33.233],[33.232,0],[0,33.232]],"v":[[0,60.172],[-60.172,0],[0,-60.173],[60.172,0]],"c":true},"ix":2},"nm":"Path 1","mn":"ADBE Vector Shape - Group","hd":false},{"ind":1,"ty":"sh","ix":2,"ks":{"a":0,"k":{"i":[[0,13.067],[-12.118,7.089],[3.557,6.577],[9.248,9.261],[-3.557,13.604],[7.289,2.159],[13.066,0],[7.102,12.105],[6.577,-3.556],[9.272,-9.235],[13.603,3.557],[2.172,-7.288],[0,-13.091],[12.106,-7.101],[-3.557,-6.589],[-9.236,-9.248],[3.557,-13.579],[-7.301,-2.184],[-13.079,0],[-7.101,-12.13],[-6.589,3.557],[-9.26,9.26],[-13.591,-3.532],[-2.184,7.313]],"o":[[0,-13.091],[-2.196,-7.288],[-13.591,3.557],[-9.248,-9.235],[-6.577,-3.556],[-7.089,12.105],[-13.08,0],[-7.3,2.159],[3.557,13.604],[-9.236,9.261],[-3.557,6.577],[12.106,7.089],[0,13.067],[2.184,7.289],[13.603,-3.557],[9.247,9.26],[6.577,3.557],[7.089,-12.143],[13.067,0],[7.289,-2.196],[-3.557,-13.579],[9.248,-9.236],[3.557,-6.577],[-12.143,-7.101]],"v":[[84.641,-0.007],[104.821,-30.496],[96.185,-51.363],[62.351,-62.383],[53.827,-96.217],[32.96,-104.84],[-0.012,-84.685],[-32.998,-104.84],[-53.852,-96.217],[-62.388,-62.383],[-96.222,-51.363],[-104.846,-30.496],[-84.691,-0.007],[-104.846,32.978],[-96.222,53.845],[-62.388,62.358],[-53.852,96.191],[-32.985,104.84],[0,84.659],[32.985,104.84],[53.852,96.191],[62.376,62.358],[96.21,51.337],[104.846,30.47]],"c":true},"ix":2},"nm":"Path 2","mn":"ADBE Vector Shape - Group","hd":false},{"ty":"mm","mm":1,"nm":"Merge Paths 1","mn":"ADBE Vector Filter - Merge","hd":false},{"ty":"fl","c":{"a":0,"k":[0.134841170965,0.118473785999,0.212412082448,1],"ix":4},"o":{"a":0,"k":100,"ix":5},"r":1,"nm":"Fill 1","mn":"ADBE Vector Graphic - Fill","hd":false},{"ty":"tr","p":{"a":0,"k":[105.096,105.09],"ix":2},"a":{"a":0,"k":[0,0],"ix":1},"s":{"a":0,"k":[100,100],"ix":3},"r":{"a":0,"k":0,"ix":6},"o":{"a":0,"k":100,"ix":7},"sk":{"a":0,"k":0,"ix":4},"sa":{"a":0,"k":0,"ix":5},"nm":"Transform"}],"nm":"Group 1","np":4,"cix":2,"ix":1,"mn":"ADBE Vector Group","hd":false}],"ip":0,"op":1798.00007323404,"st":0,"bm":0},{"ddd":0,"ind":7,"ty":4,"nm":"Clog 1 Lightning Outlines","sr":1,"ks":{"o":{"a":0,"k":100,"ix":11},"r":{"a":0,"k":0,"ix":10},"p":{"a":0,"k":[456.931,1103.554,0],"ix":2},"a":{"a":0,"k":[14.365,31.416,0],"ix":1},"s":{"a":0,"k":[100,100,100],"ix":6}},"ao":0,"shapes":[{"ty":"gr","it":[{"ind":0,"ty":"sh","ix":1,"ks":{"a":0,"k":{"i":[[0.658,0.433],[0.392,1.054],[0.59,1.851],[-0.644,-0.539],[-0.307,-0.788],[-0.375,-1.96]],"o":[[-0.661,-0.433],[-0.395,-1.053],[-0.593,-1.851],[0.641,0.539],[0.31,0.784],[0.379,1.961]],"v":[[-10.794,30.733],[-0.437,5.267],[-13.523,-1.479],[11.012,-30.628],[0.652,-5.161],[13.736,1.585]],"c":true},"ix":2},"nm":"Path 1","mn":"ADBE Vector Shape - Group","hd":false},{"ty":"fl","c":{"a":0,"k":[0.134841170965,0.118473785999,0.212412082448,1],"ix":4},"o":{"a":0,"k":100,"ix":5},"r":1,"nm":"Fill 1","mn":"ADBE Vector Graphic - Fill","hd":false},{"ty":"tr","p":{"a":0,"k":[14.365,31.417],"ix":2},"a":{"a":0,"k":[0,0],"ix":1},"s":{"a":0,"k":[100,100],"ix":3},"r":{"a":0,"k":0,"ix":6},"o":{"a":0,"k":100,"ix":7},"sk":{"a":0,"k":0,"ix":4},"sa":{"a":0,"k":0,"ix":5},"nm":"Transform"}],"nm":"Group 1","np":2,"cix":2,"ix":1,"mn":"ADBE Vector Group","hd":false}],"ip":0,"op":1798.00007323404,"st":0,"bm":0},{"ddd":0,"ind":8,"ty":4,"nm":"Clog 1 Outlines","sr":1,"ks":{"o":{"a":0,"k":100,"ix":11},"r":{"a":1,"k":[{"i":{"x":[0.833],"y":[0.833]},"o":{"x":[0.167],"y":[0.167]},"n":["0p833_0p833_0p167_0p167"],"t":0,"s":[0],"e":[3240]},{"t":1797.00007319331}],"ix":10},"p":{"a":0,"k":[458.029,1103.476,0],"ix":2},"a":{"a":0,"k":[85.68,85.674,0],"ix":1},"s":{"a":0,"k":[100,100,100],"ix":6}},"ao":0,"shapes":[{"ty":"gr","it":[{"ind":0,"ty":"sh","ix":1,"ks":{"a":0,"k":{"i":[[27.078,0],[0,27.078],[-27.078,0],[0,-27.078]],"o":[[-27.078,0],[0,-27.078],[27.078,0],[0,27.078]],"v":[[0,49.029],[-49.029,0.001],[0,-49.029],[49.029,0.001]],"c":true},"ix":2},"nm":"Path 1","mn":"ADBE Vector Shape - Group","hd":false},{"ind":1,"ty":"sh","ix":2,"ks":{"a":0,"k":{"i":[[0,10.647],[-9.874,5.776],[2.899,5.359],[7.535,7.546],[-2.898,11.084],[5.939,1.76],[10.647,0],[5.786,9.864],[5.359,-2.898],[7.556,-7.525],[11.084,2.899],[1.77,-5.939],[0,-10.667],[9.864,-5.786],[-2.898,-5.369],[-7.525,-7.535],[2.898,-11.064],[-5.949,-1.779],[-10.657,0],[-5.787,-9.884],[-5.369,2.899],[-7.546,7.546],[-11.074,-2.878],[-1.78,5.959]],"o":[[0,-10.667],[-1.789,-5.939],[-11.074,2.899],[-7.535,-7.525],[-5.359,-2.898],[-5.776,9.864],[-10.657,0],[-5.949,1.76],[2.898,11.084],[-7.525,7.546],[-2.898,5.359],[9.864,5.776],[0,10.647],[1.78,5.939],[11.084,-2.898],[7.536,7.546],[5.359,2.899],[5.776,-9.894],[10.647,0],[5.938,-1.789],[-2.898,-11.063],[7.535,-7.525],[2.898,-5.359],[-9.895,-5.786]],"v":[[68.966,-0.004],[85.409,-24.847],[78.372,-41.85],[50.804,-50.829],[43.859,-78.398],[26.856,-85.424],[-0.01,-69.001],[-26.887,-85.424],[-43.879,-78.398],[-50.835,-50.829],[-78.403,-41.85],[-85.43,-24.847],[-69.007,-0.004],[-85.43,26.872],[-78.403,43.875],[-50.835,50.81],[-43.879,78.378],[-26.877,85.424],[0,68.982],[26.877,85.424],[43.879,78.378],[50.825,50.81],[78.393,41.831],[85.43,24.828]],"c":true},"ix":2},"nm":"Path 2","mn":"ADBE Vector Shape - Group","hd":false},{"ty":"mm","mm":1,"nm":"Merge Paths 1","mn":"ADBE Vector Filter - Merge","hd":false},{"ty":"fl","c":{"a":0,"k":[0.134841170965,0.118473785999,0.212412082448,1],"ix":4},"o":{"a":0,"k":100,"ix":5},"r":1,"nm":"Fill 1","mn":"ADBE Vector Graphic - Fill","hd":false},{"ty":"tr","p":{"a":0,"k":[85.68,85.675],"ix":2},"a":{"a":0,"k":[0,0],"ix":1},"s":{"a":0,"k":[100,100],"ix":3},"r":{"a":0,"k":0,"ix":6},"o":{"a":0,"k":100,"ix":7},"sk":{"a":0,"k":0,"ix":4},"sa":{"a":0,"k":0,"ix":5},"nm":"Transform"}],"nm":"Group 1","np":4,"cix":2,"ix":1,"mn":"ADBE Vector Group","hd":false}],"ip":0,"op":1798.00007323404,"st":0,"bm":0},{"ddd":0,"ind":9,"ty":4,"nm":"Arms Outlines","sr":1,"ks":{"o":{"a":0,"k":100,"ix":11},"r":{"a":0,"k":0,"ix":10},"p":{"a":0,"k":[916.631,2428.046,0],"ix":2},"a":{"a":0,"k":[388.853,391.213,0],"ix":1},"s":{"a":0,"k":[100,100,100],"ix":6}},"ao":0,"shapes":[{"ty":"gr","it":[{"ind":0,"ty":"sh","ix":1,"ks":{"a":0,"k":{"i":[[42.022,112.596],[25.216,-9.34],[-9.339,-25.2],[-14.897,-125.708],[9.621,-122.398],[0,0],[14.005,118.311]],"o":[[-9.348,-25.207],[-25.192,9.347],[39.487,105.778],[13.348,112.737],[0,0],[10.099,-128.762],[-15.86,-133.811]],"v":[[30.027,-47.405],[-32.538,-76.119],[-61.253,-13.563],[21.423,335.694],[27.795,689.837],[124.727,696.467],[118.026,324.359]],"c":true},"ix":2},"nm":"Path 1","mn":"ADBE Vector Shape - Group","hd":false},{"ind":1,"ty":"sh","ix":2,"ks":{"a":0,"k":{"i":[[0,0],[0,0],[0,0],[0,0]],"o":[[0,0],[0,0],[0,0],[0,0]],"v":[[-1170.408,-2122.541],[70.592,-2122.541],[70.592,85.459],[-1170.408,85.459]],"c":true},"ix":2},"nm":"Path 2","mn":"ADBE Vector Shape - Group","hd":false},{"ty":"mm","mm":4,"nm":"Merge Paths 1","mn":"ADBE Vector Filter - Merge","hd":false},{"ty":"fl","c":{"a":0,"k":[0.980494480507,0.225944160013,0.263840679094,1],"ix":4},"o":{"a":0,"k":100,"ix":5},"r":1,"nm":"Fill 1","mn":"ADBE Vector Graphic - Fill","hd":false},{"ty":"tr","p":{"a":0,"k":[642.63,85.709],"ix":2},"a":{"a":0,"k":[0,0],"ix":1},"s":{"a":0,"k":[100,100],"ix":3},"r":{"a":0,"k":0,"ix":6},"o":{"a":0,"k":100,"ix":7},"sk":{"a":0,"k":0,"ix":4},"sa":{"a":0,"k":0,"ix":5},"nm":"Transform"}],"nm":"Group 1","np":4,"cix":2,"ix":1,"mn":"ADBE Vector Group","hd":false},{"ty":"gr","it":[{"ind":0,"ty":"sh","ix":1,"ks":{"a":0,"k":{"i":[[-42.368,110.451],[-25.168,-9.252],[9.418,-24.715],[15.281,-123.423],[-9.261,-120.228],[0,0],[-14.365,116.141]],"o":[[9.418,-24.722],[25.192,9.262],[-39.807,103.765],[-13.7,110.678],[0,0],[-9.699,-126.491],[16.26,-131.362]],"v":[[1.453,-44.427],[64.087,-72.446],[92.621,-10.921],[8.889,331.838],[-2.525,679.867],[-86.602,685.267],[-87.674,320.417]],"c":true},"ix":2},"nm":"Path 1","mn":"ADBE Vector Shape - Group","hd":false},{"ind":1,"ty":"sh","ix":2,"ks":{"a":0,"k":{"i":[[0,0],[0,0],[0,0],[0,0]],"o":[[0,0],[0,0],[0,0],[0,0]],"v":[[-630.067,-2126.302],[610.933,-2126.302],[610.933,81.698],[-630.067,81.698]],"c":true},"ix":2},"nm":"Path 2","mn":"ADBE Vector Shape - Group","hd":false},{"ty":"mm","mm":4,"nm":"Merge Paths 1","mn":"ADBE Vector Filter - Merge","hd":false},{"ty":"fl","c":{"a":0,"k":[0.980494480507,0.225944160013,0.263840679094,1],"ix":4},"o":{"a":0,"k":100,"ix":5},"r":1,"nm":"Fill 1","mn":"ADBE Vector Graphic - Fill","hd":false},{"ty":"tr","p":{"a":0,"k":[102.289,89.47],"ix":2},"a":{"a":0,"k":[0,0],"ix":1},"s":{"a":0,"k":[100,100],"ix":3},"r":{"a":0,"k":0,"ix":6},"o":{"a":0,"k":100,"ix":7},"sk":{"a":0,"k":0,"ix":4},"sa":{"a":0,"k":0,"ix":5},"nm":"Transform"}],"nm":"Group 2","np":4,"cix":2,"ix":2,"mn":"ADBE Vector Group","hd":false}],"ip":0,"op":1798.00007323404,"st":0,"bm":0},{"ddd":0,"ind":10,"ty":4,"nm":"Mouth Outlines","sr":1,"ks":{"o":{"a":0,"k":100,"ix":11},"r":{"a":0,"k":0,"ix":10},"p":{"a":1,"k":[{"i":{"x":0.833,"y":0.833},"o":{"x":0.167,"y":0.167},"n":"0p833_0p833_0p167_0p167","t":0,"s":[774.002,1902.781,0],"e":[766.002,1894.781,0],"to":[-1.33333337306976,-1.33333337306976,0],"ti":[1.33333337306976,1.33333337306976,0]},{"t":15.0000006109625}],"ix":2},"a":{"a":0,"k":[51.132,38.199,0],"ix":1},"s":{"a":0,"k":[100,100,100],"ix":6}},"ao":0,"shapes":[{"ty":"gr","it":[{"ind":0,"ty":"sh","ix":1,"ks":{"a":0,"k":{"i":[[0,0],[0,0]],"o":[[22.068,-6.425],[0,0]],"v":[[-17.584,1.774],[17.584,4.651]],"c":false},"ix":2},"nm":"Path 1","mn":"ADBE Vector Shape - Group","hd":false},{"ty":"st","c":{"a":0,"k":[0.983864458869,0.458027529249,0.379372750077,1],"ix":3},"o":{"a":0,"k":100,"ix":4},"w":{"a":0,"k":13.419,"ix":5},"lc":2,"lj":1,"ml":10,"nm":"Stroke 1","mn":"ADBE Vector Graphic - Stroke","hd":false},{"ty":"tr","p":{"a":0,"k":[51.132,38.199],"ix":2},"a":{"a":0,"k":[0,0],"ix":1},"s":{"a":0,"k":[100,100],"ix":3},"r":{"a":0,"k":0,"ix":6},"o":{"a":0,"k":100,"ix":7},"sk":{"a":0,"k":0,"ix":4},"sa":{"a":0,"k":0,"ix":5},"nm":"Transform"}],"nm":"Group 1","np":2,"cix":2,"ix":1,"mn":"ADBE Vector Group","hd":false}],"ip":0,"op":1798.00007323404,"st":0,"bm":0},{"ddd":0,"ind":11,"ty":4,"nm":"Right eyebrow Outlines","sr":1,"ks":{"o":{"a":0,"k":100,"ix":11},"r":{"a":0,"k":0,"ix":10},"p":{"a":0,"k":[705.7,1715.462,0],"ix":2},"a":{"a":0,"k":[41.718,10.7,0],"ix":1},"s":{"a":0,"k":[100,100,100],"ix":6}},"ao":0,"shapes":[{"ty":"gr","it":[{"ind":0,"ty":"sh","ix":1,"ks":{"a":0,"k":{"i":[[0.039,-4.01],[4.011,0.022],[0,0],[-0.022,4.019],[-4.019,-0.039],[0,0]],"o":[[-0.048,4.026],[0,0],[-4.01,-0.03],[0.039,-4.01],[0,0],[4.009,0.048]],"v":[[41.429,-2.448],[34.093,4.766],[-34.317,10.45],[-41.446,-3.214],[-34.102,-10.411],[34.224,-9.792]],"c":true},"ix":2},"nm":"Path 1","mn":"ADBE Vector Shape - Group","hd":false},{"ty":"fl","c":{"a":0,"k":[0.472497678271,0.129092541863,0.010427603067,1],"ix":4},"o":{"a":0,"k":100,"ix":5},"r":1,"nm":"Fill 1","mn":"ADBE Vector Graphic - Fill","hd":false},{"ty":"tr","p":{"a":0,"k":[41.718,10.7],"ix":2},"a":{"a":0,"k":[0,0],"ix":1},"s":{"a":0,"k":[100,100],"ix":3},"r":{"a":0,"k":0,"ix":6},"o":{"a":0,"k":100,"ix":7},"sk":{"a":0,"k":0,"ix":4},"sa":{"a":0,"k":0,"ix":5},"nm":"Transform"}],"nm":"Group 1","np":2,"cix":2,"ix":1,"mn":"ADBE Vector Group","hd":false}],"ip":0,"op":1798.00007323404,"st":0,"bm":0},{"ddd":0,"ind":12,"ty":4,"nm":"Left eyebrow Outlines","sr":1,"ks":{"o":{"a":0,"k":100,"ix":11},"r":{"a":0,"k":0,"ix":10},"p":{"a":0,"k":[875.415,1710.38,0],"ix":2},"a":{"a":0,"k":[41.872,14.815,0],"ix":1},"s":{"a":0,"k":[100,100,100],"ix":6}},"ao":0,"shapes":[{"ty":"gr","it":[{"ind":0,"ty":"sh","ix":1,"ks":{"a":0,"k":{"i":[[0.43,-3.987],[-4.002,-0.448],[0,0],[-0.438,3.986],[3.993,0.448],[0,0]],"o":[[-0.439,3.994],[0,0],[3.995,0.439],[0.439,-3.994],[0,0],[-3.995,-0.439]],"v":[[-41.183,-7.7],[-34.75,0.327],[32.481,14.126],[41.183,1.407],[34.758,-6.62],[-33.156,-14.126]],"c":true},"ix":2},"nm":"Path 1","mn":"ADBE Vector Shape - Group","hd":false},{"ty":"fl","c":{"a":0,"k":[0.472497678271,0.129092541863,0.010427603067,1],"ix":4},"o":{"a":0,"k":100,"ix":5},"r":1,"nm":"Fill 1","mn":"ADBE Vector Graphic - Fill","hd":false},{"ty":"tr","p":{"a":0,"k":[41.872,14.815],"ix":2},"a":{"a":0,"k":[0,0],"ix":1},"s":{"a":0,"k":[100,100],"ix":3},"r":{"a":0,"k":0,"ix":6},"o":{"a":0,"k":100,"ix":7},"sk":{"a":0,"k":0,"ix":4},"sa":{"a":0,"k":0,"ix":5},"nm":"Transform"}],"nm":"Group 1","np":2,"cix":2,"ix":1,"mn":"ADBE Vector Group","hd":false}],"ip":0,"op":1798.00007323404,"st":0,"bm":0},{"ddd":0,"ind":13,"ty":4,"nm":"Left Eye Outlines","sr":1,"ks":{"o":{"a":0,"k":100,"ix":11},"r":{"a":0,"k":0,"ix":10},"p":{"a":0,"k":[869.641,1746.75,0],"ix":2},"a":{"a":0,"k":[30.397,17.771,0],"ix":1},"s":{"a":0,"k":[100,100,100],"ix":6}},"ao":0,"shapes":[{"ty":"gr","it":[{"ind":0,"ty":"sh","ix":1,"ks":{"a":0,"k":{"i":[[28.856,0],[-19.848,0]],"o":[[-31.439,0],[17.222,0]],"v":[[1.292,17.52],[2.566,-17.52]],"c":true},"ix":2},"nm":"Path 1","mn":"ADBE Vector Shape - Group","hd":false},{"ty":"fl","c":{"a":0,"k":[0.202952680401,0.048807278801,0.030897475224,1],"ix":4},"o":{"a":0,"k":100,"ix":5},"r":1,"nm":"Fill 1","mn":"ADBE Vector Graphic - Fill","hd":false},{"ty":"tr","p":{"a":0,"k":[30.397,17.771],"ix":2},"a":{"a":0,"k":[0,0],"ix":1},"s":{"a":0,"k":[100,100],"ix":3},"r":{"a":0,"k":0,"ix":6},"o":{"a":0,"k":100,"ix":7},"sk":{"a":0,"k":0,"ix":4},"sa":{"a":0,"k":0,"ix":5},"nm":"Transform"}],"nm":"Group 1","np":2,"cix":2,"ix":1,"mn":"ADBE Vector Group","hd":false}],"ip":0,"op":1798.00007323404,"st":0,"bm":0},{"ddd":0,"ind":14,"ty":4,"nm":"Right Eye Outlines","sr":1,"ks":{"o":{"a":0,"k":100,"ix":11},"r":{"a":0,"k":0,"ix":10},"p":{"a":0,"k":[717.258,1748.41,0],"ix":2},"a":{"a":0,"k":[30.401,17.767,0],"ix":1},"s":{"a":0,"k":[100,100,100],"ix":6}},"ao":0,"shapes":[{"ty":"gr","it":[{"ind":0,"ty":"sh","ix":1,"ks":{"a":0,"k":{"i":[[-28.864,0],[19.839,0]],"o":[[31.439,0],[-17.231,0.009]],"v":[[-1.287,17.516],[-2.562,-17.516]],"c":true},"ix":2},"nm":"Path 1","mn":"ADBE Vector Shape - Group","hd":false},{"ty":"fl","c":{"a":0,"k":[0.202952680401,0.048807278801,0.030897475224,1],"ix":4},"o":{"a":0,"k":100,"ix":5},"r":1,"nm":"Fill 1","mn":"ADBE Vector Graphic - Fill","hd":false},{"ty":"tr","p":{"a":0,"k":[30.401,17.766],"ix":2},"a":{"a":0,"k":[0,0],"ix":1},"s":{"a":0,"k":[100,100],"ix":3},"r":{"a":0,"k":0,"ix":6},"o":{"a":0,"k":100,"ix":7},"sk":{"a":0,"k":0,"ix":4},"sa":{"a":0,"k":0,"ix":5},"nm":"Transform"}],"nm":"Group 1","np":2,"cix":2,"ix":1,"mn":"ADBE Vector Group","hd":false}],"ip":0,"op":1798.00007323404,"st":0,"bm":0},{"ddd":0,"ind":15,"ty":4,"nm":"Boy's head and shoulders Outlines","sr":1,"ks":{"o":{"a":0,"k":100,"ix":11},"r":{"a":0,"k":0,"ix":10},"p":{"a":0,"k":[900.212,2082.59,0],"ix":2},"a":{"a":0,"k":[293.867,685.508,0],"ix":1},"s":{"a":0,"k":[100,100,100],"ix":6}},"ao":0,"shapes":[{"ty":"gr","it":[{"ind":0,"ty":"sh","ix":1,"ks":{"a":0,"k":{"i":[[0,0],[-0.413,196.411],[6.168,0],[0,18.97],[0,0],[-29.925,4.653],[-33.194,5.059],[-20.361,1.291],[-44.723,0],[0,0],[-64.212,-2.625],[0,-26.057],[0,0],[18.953,0],[4.811,0],[0,0]],"o":[[-14.292,-191.31],[-6.168,0],[-18.945,0],[0,0],[0,-18.962],[32.88,-6.583],[20.627,-3.155],[0,0],[44.723,0],[62.307,3.842],[22.149,0],[0,0],[0,18.945],[-4.811,0],[0,0],[0,0]],"v":[[-201.615,650.481],[-226.638,42.526],[-245.143,42.518],[-279.63,12.718],[-279.63,-33.99],[-245.143,-65.959],[-142.703,-84.043],[-74.188,-90.634],[-19.894,-68.384],[55.114,-89.218],[236.947,-76.185],[279.63,-41.707],[279.63,5.017],[245.144,33.004],[230.72,32.474],[199.247,650.481]],"c":true},"ix":2},"nm":"Path 1","mn":"ADBE Vector Shape - Group","hd":false},{"ind":1,"ty":"sh","ix":2,"ks":{"a":0,"k":{"i":[[0,0],[0,0],[0,0],[0,0]],"o":[[0,0],[0,0],[0,0],[0,0]],"v":[[-914.199,-2117.366],[326.801,-2117.366],[326.801,90.634],[-914.199,90.634]],"c":true},"ix":2},"nm":"Path 2","mn":"ADBE Vector Shape - Group","hd":false},{"ty":"mm","mm":4,"nm":"Merge Paths 1","mn":"ADBE Vector Filter - Merge","hd":false},{"ty":"fl","c":{"a":0,"k":[0.980494480507,0.225944160013,0.263840679094,1],"ix":4},"o":{"a":0,"k":100,"ix":5},"r":1,"nm":"Fill 1","mn":"ADBE Vector Graphic - Fill","hd":false},{"ty":"tr","p":{"a":0,"k":[307.854,720.284],"ix":2},"a":{"a":0,"k":[0,0],"ix":1},"s":{"a":0,"k":[100,100],"ix":3},"r":{"a":0,"k":0,"ix":6},"o":{"a":0,"k":100,"ix":7},"sk":{"a":0,"k":0,"ix":4},"sa":{"a":0,"k":0,"ix":5},"nm":"Transform"}],"nm":"Group 1","np":4,"cix":2,"ix":1,"mn":"ADBE Vector Group","hd":false},{"ty":"gr","it":[{"ty":"mm","mm":4,"nm":"Merge Paths 1","mn":"ADBE Vector Filter - Merge","hd":false},{"ty":"fl","c":{"a":0,"k":[0.5,0.5,0.5,1],"ix":4},"o":{"a":0,"k":100,"ix":5},"r":1,"nm":"Fill 1","mn":"ADBE Vector Graphic - Fill","hd":false},{"ty":"tr","p":{"a":0,"k":[106.513,400.608],"ix":2},"a":{"a":0,"k":[0,0],"ix":1},"s":{"a":0,"k":[100,100],"ix":3},"r":{"a":0,"k":0,"ix":6},"o":{"a":0,"k":100,"ix":7},"sk":{"a":0,"k":0,"ix":4},"sa":{"a":0,"k":0,"ix":5},"nm":"Transform"}],"nm":"Group 2","np":2,"cix":2,"ix":2,"mn":"ADBE Vector Group","hd":false},{"ty":"gr","it":[{"ty":"mm","mm":4,"nm":"Merge Paths 1","mn":"ADBE Vector Filter - Merge","hd":false},{"ty":"fl","c":{"a":0,"k":[0.5,0.5,0.5,1],"ix":4},"o":{"a":0,"k":100,"ix":5},"r":1,"nm":"Fill 1","mn":"ADBE Vector Graphic - Fill","hd":false},{"ty":"tr","p":{"a":0,"k":[265.701,397.904],"ix":2},"a":{"a":0,"k":[0,0],"ix":1},"s":{"a":0,"k":[100,100],"ix":3},"r":{"a":0,"k":0,"ix":6},"o":{"a":0,"k":100,"ix":7},"sk":{"a":0,"k":0,"ix":4},"sa":{"a":0,"k":0,"ix":5},"nm":"Transform"}],"nm":"Group 3","np":2,"cix":2,"ix":3,"mn":"ADBE Vector Group","hd":false},{"ty":"gr","it":[{"ind":0,"ty":"sh","ix":1,"ks":{"a":0,"k":{"i":[[0,-4.919],[11.749,0],[0,4.919],[-11.725,0]],"o":[[0,4.919],[-11.725,0.007],[0,-4.919],[11.749,0]],"v":[[21.259,-0.004],[-0.012,8.906],[-21.259,-0.004],[-0.012,-8.913]],"c":true},"ix":2},"nm":"Path 1","mn":"ADBE Vector Shape - Group","hd":false},{"ty":"fl","c":{"a":0,"k":[0.983864458869,0.458027529249,0.379372750077,1],"ix":4},"o":{"a":0,"k":100,"ix":5},"r":1,"nm":"Fill 1","mn":"ADBE Vector Graphic - Fill","hd":false},{"ty":"tr","p":{"a":0,"k":[183.67,427.049],"ix":2},"a":{"a":0,"k":[0,0],"ix":1},"s":{"a":0,"k":[100,100],"ix":3},"r":{"a":0,"k":0,"ix":6},"o":{"a":0,"k":100,"ix":7},"sk":{"a":0,"k":0,"ix":4},"sa":{"a":0,"k":0,"ix":5},"nm":"Transform"}],"nm":"Group 4","np":2,"cix":2,"ix":4,"mn":"ADBE Vector Group","hd":false},{"ty":"gr","it":[{"ind":0,"ty":"sh","ix":1,"ks":{"a":0,"k":{"i":[[-11.128,7.237],[7.767,-9.952],[-37.442,-48.049],[25.32,-12.694],[23.391,-17.288],[-0.803,-36.938],[-6.674,4.455],[-69.851,-15.302],[-46.269,-0.223],[-40.905,-14.639],[6.426,-58.92],[-7.775,-8.388],[-3.909,7.584],[-19.649,10.291],[-11.07,-15.657],[49.664,-5.523],[9.34,-18.705],[-14.433,67.408],[70.72,11.352],[4.107,1.035],[-47.693,14.713],[-5.829,12.162],[11.683,-2.815]],"o":[[-21.462,5.299],[-17.43,22.365],[31.034,39.819],[-26.273,13.165],[-60.229,44.548],[0.207,9.845],[10.134,-6.772],[38.875,0],[44.77,0.232],[44.662,16.006],[-0.67,6.178],[6.483,6.988],[8.875,-17.272],[16.353,-8.587],[17.149,24.278],[-20.775,2.309],[46.683,-21.082],[22.563,-105.372],[-6.641,-1.068],[12.834,-23.176],[76.6,-23.632],[16.221,-33.816],[-38.693,9.29]],"v":[[-5.001,-235.067],[-90.742,-206.112],[-140.372,-202.502],[-191.153,-198.261],[-190.789,-151.903],[-254.919,-5.188],[-210.611,171.864],[-162.397,-49.685],[-56.114,-32.239],[83.115,-51.979],[108.783,96.631],[104.271,163.212],[119.929,157.871],[144.669,112.058],[195.326,123.028],[155.723,201.226],[126.18,250.55],[233.159,123.534],[158.282,-147.721],[148.768,-161.383],[98.789,-180.782],[17.553,-209.737],[-14.018,-206.112]],"c":true},"ix":2},"nm":"Path 1","mn":"ADBE Vector Shape - Group","hd":false},{"ty":"fl","c":{"a":0,"k":[0.472497678271,0.129092541863,0.010427603067,1],"ix":4},"o":{"a":0,"k":100,"ix":5},"r":1,"nm":"Fill 1","mn":"ADBE Vector Graphic - Fill","hd":false},{"ty":"tr","p":{"a":0,"k":[255.971,250.801],"ix":2},"a":{"a":0,"k":[0,0],"ix":1},"s":{"a":0,"k":[100,100],"ix":3},"r":{"a":0,"k":0,"ix":6},"o":{"a":0,"k":100,"ix":7},"sk":{"a":0,"k":0,"ix":4},"sa":{"a":0,"k":0,"ix":5},"nm":"Transform"}],"nm":"Group 5","np":2,"cix":2,"ix":5,"mn":"ADBE Vector Group","hd":false},{"ty":"gr","it":[{"ind":0,"ty":"sh","ix":1,"ks":{"a":0,"k":{"i":[[0,-22.348],[19.36,0],[0,22.331],[-19.35,0]],"o":[[0,22.331],[-19.35,0],[0,-22.348],[19.36,0]],"v":[[35.041,0.004],[-0.009,40.453],[-35.041,0.004],[-0.009,-40.453]],"c":true},"ix":2},"nm":"Path 1","mn":"ADBE Vector Shape - Group","hd":false},{"ty":"fl","c":{"a":0,"k":[0.987250593597,0.542778703278,0.378261461445,1],"ix":4},"o":{"a":0,"k":100,"ix":5},"r":1,"nm":"Fill 1","mn":"ADBE Vector Graphic - Fill","hd":false},{"ty":"tr","p":{"a":0,"k":[412.56,407.525],"ix":2},"a":{"a":0,"k":[0,0],"ix":1},"s":{"a":0,"k":[100,100],"ix":3},"r":{"a":0,"k":0,"ix":6},"o":{"a":0,"k":100,"ix":7},"sk":{"a":0,"k":0,"ix":4},"sa":{"a":0,"k":0,"ix":5},"nm":"Transform"}],"nm":"Group 6","np":2,"cix":2,"ix":6,"mn":"ADBE Vector Group","hd":false},{"ty":"gr","it":[{"ind":0,"ty":"sh","ix":1,"ks":{"a":0,"k":{"i":[[0,-121.17],[17.869,-19.267],[9.787,-9.63],[80.01,-30.644],[71.764,0.347],[28.143,12.495],[0.745,93.788],[-34.28,39.049],[-61.165,0]],"o":[[5.489,29.775],[-12.461,13.448],[-39.056,38.403],[-33.394,9.183],[-30.164,-1.706],[-65.305,-28.997],[0,-57.199],[38.336,-43.678],[115.863,0]],"v":[[212.268,1.623],[195.707,68.07],[158.977,88.15],[47.445,181.623],[-47.768,220.499],[-120.251,185.929],[-207.291,1.623],[-183.477,-177.168],[2.484,-217.765]],"c":true},"ix":2},"nm":"Path 1","mn":"ADBE Vector Shape - Group","hd":false},{"ty":"fl","c":{"a":0,"k":[0.985445927639,0.657933134191,0.468197302725,1],"ix":4},"o":{"a":0,"k":100,"ix":5},"r":1,"nm":"Fill 1","mn":"ADBE Vector Graphic - Fill","hd":false},{"ty":"tr","p":{"a":0,"k":[246.097,381.323],"ix":2},"a":{"a":0,"k":[0,0],"ix":1},"s":{"a":0,"k":[100,100],"ix":3},"r":{"a":0,"k":0,"ix":6},"o":{"a":0,"k":100,"ix":7},"sk":{"a":0,"k":0,"ix":4},"sa":{"a":0,"k":0,"ix":5},"nm":"Transform"}],"nm":"Group 7","np":2,"cix":2,"ix":7,"mn":"ADBE Vector Group","hd":false},{"ty":"gr","it":[{"ind":0,"ty":"sh","ix":1,"ks":{"a":0,"k":{"i":[[48.704,-11.832],[0,0],[-18.473,7.518],[0,0]],"o":[[0,0],[33.857,-15.723],[0,0],[-41.235,35.033]],"v":[[-64.92,61.276],[-64.92,-2.15],[64.92,-61.276],[64.92,0.086]],"c":true},"ix":2},"nm":"Path 1","mn":"ADBE Vector Shape - Group","hd":false},{"ty":"fl","c":{"a":0,"k":[0.987250593597,0.542778703278,0.378261461445,1],"ix":4},"o":{"a":0,"k":100,"ix":5},"r":1,"nm":"Fill 1","mn":"ADBE Vector Graphic - Fill","hd":false},{"ty":"tr","p":{"a":0,"k":[298.506,562.628],"ix":2},"a":{"a":0,"k":[0,0],"ix":1},"s":{"a":0,"k":[100,100],"ix":3},"r":{"a":0,"k":0,"ix":6},"o":{"a":0,"k":100,"ix":7},"sk":{"a":0,"k":0,"ix":4},"sa":{"a":0,"k":0,"ix":5},"nm":"Transform"}],"nm":"Group 8","np":2,"cix":2,"ix":8,"mn":"ADBE Vector Group","hd":false},{"ty":"gr","it":[{"ind":0,"ty":"sh","ix":1,"ks":{"a":0,"k":{"i":[[0,0],[0,0],[0,0],[0,0]],"o":[[0,0],[0,0],[0,0],[0,0]],"v":[[64.92,106.258],[-64.92,106.258],[-64.92,-106.258],[64.92,-106.258]],"c":true},"ix":2},"nm":"Path 1","mn":"ADBE Vector Shape - Group","hd":false},{"ty":"fl","c":{"a":0,"k":[0.985445927639,0.657933134191,0.468197302725,1],"ix":4},"o":{"a":0,"k":100,"ix":5},"r":1,"nm":"Fill 1","mn":"ADBE Vector Graphic - Fill","hd":false},{"ty":"tr","p":{"a":0,"k":[298.506,582.975],"ix":2},"a":{"a":0,"k":[0,0],"ix":1},"s":{"a":0,"k":[100,100],"ix":3},"r":{"a":0,"k":0,"ix":6},"o":{"a":0,"k":100,"ix":7},"sk":{"a":0,"k":0,"ix":4},"sa":{"a":0,"k":0,"ix":5},"nm":"Transform"}],"nm":"Group 9","np":2,"cix":2,"ix":9,"mn":"ADBE Vector Group","hd":false}],"ip":0,"op":1798.00007323404,"st":0,"bm":0},{"ddd":0,"ind":16,"ty":4,"nm":"Cloud Outlines","sr":1,"ks":{"o":{"a":0,"k":100,"ix":11},"r":{"a":0,"k":0,"ix":10},"p":{"a":0,"k":[788.272,1189.249,0],"ix":2},"a":{"a":0,"k":[582.174,394.377,0],"ix":1},"s":{"a":0,"k":[100,100,100],"ix":6}},"ao":0,"shapes":[{"ty":"gr","it":[{"ind":0,"ty":"sh","ix":1,"ks":{"a":0,"k":{"i":[[0,-70.83],[70.831,0],[0,70.831],[-70.83,0]],"o":[[0,70.831],[-70.83,0],[0,-70.83],[70.831,0]],"v":[[155.312,0],[27.062,128.25],[-101.188,0],[27.062,-128.25]],"c":true},"ix":2},"nm":"Path 1","mn":"ADBE Vector Shape - Group","hd":false},{"ind":1,"ty":"sh","ix":2,"ks":{"a":0,"k":{"i":[[0,0],[0,0],[0,0],[0,0]],"o":[[0,0],[0,0],[0,0],[0,0]],"v":[[-1139.812,-1072.792],[101.188,-1072.792],[101.188,1135.208],[-1139.812,1135.208]],"c":true},"ix":2},"nm":"Path 2","mn":"ADBE Vector Shape - Group","hd":false},{"ty":"mm","mm":4,"nm":"Merge Paths 1","mn":"ADBE Vector Filter - Merge","hd":false},{"ty":"fl","c":{"a":0,"k":[0.183974561504,0.160924978817,0.280710437251,1],"ix":4},"o":{"a":0,"k":100,"ix":5},"r":1,"nm":"Fill 1","mn":"ADBE Vector Graphic - Fill","hd":false},{"ty":"tr","p":{"a":0,"k":[933.714,277.92],"ix":2},"a":{"a":0,"k":[0,0],"ix":1},"s":{"a":0,"k":[100,100],"ix":3},"r":{"a":0,"k":0,"ix":6},"o":{"a":0,"k":100,"ix":7},"sk":{"a":0,"k":0,"ix":4},"sa":{"a":0,"k":0,"ix":5},"nm":"Transform"}],"nm":"Group 1","np":4,"cix":2,"ix":1,"mn":"ADBE Vector Group","hd":false},{"ty":"gr","it":[{"ind":0,"ty":"sh","ix":1,"ks":{"a":0,"k":{"i":[[0,-102.508],[102.508,0],[0,102.508],[-102.509,0]],"o":[[0,102.508],[-102.509,0],[0,-102.508],[102.508,0]],"v":[[185.608,0],[0,185.608],[-185.608,0],[0,-185.608]],"c":true},"ix":2},"nm":"Path 1","mn":"ADBE Vector Shape - Group","hd":false},{"ty":"fl","c":{"a":0,"k":[0.183974561504,0.160924978817,0.280710437251,1],"ix":4},"o":{"a":0,"k":100,"ix":5},"r":1,"nm":"Fill 1","mn":"ADBE Vector Graphic - Fill","hd":false},{"ty":"tr","p":{"a":0,"k":[728.878,209.176],"ix":2},"a":{"a":0,"k":[0,0],"ix":1},"s":{"a":0,"k":[100,100],"ix":3},"r":{"a":0,"k":0,"ix":6},"o":{"a":0,"k":100,"ix":7},"sk":{"a":0,"k":0,"ix":4},"sa":{"a":0,"k":0,"ix":5},"nm":"Transform"}],"nm":"Group 2","np":2,"cix":2,"ix":2,"mn":"ADBE Vector Group","hd":false},{"ty":"gr","it":[{"ind":0,"ty":"sh","ix":1,"ks":{"a":0,"k":{"i":[[0,-123.747],[123.747,0],[0,123.747],[-123.746,0]],"o":[[0,123.747],[-123.746,0],[0,-123.747],[123.747,0]],"v":[[246.639,0],[22.574,224.064],[-201.489,0],[22.574,-224.064]],"c":true},"ix":2},"nm":"Path 1","mn":"ADBE Vector Shape - Group","hd":false},{"ind":1,"ty":"sh","ix":2,"ks":{"a":0,"k":{"i":[[0,0],[0,0],[0,0],[0,0]],"o":[[0,0],[0,0],[0,0],[0,0]],"v":[[-1039.511,-1359.312],[201.489,-1359.312],[201.489,848.688],[-1039.511,848.688]],"c":true},"ix":2},"nm":"Path 2","mn":"ADBE Vector Shape - Group","hd":false},{"ty":"mm","mm":4,"nm":"Merge Paths 1","mn":"ADBE Vector Filter - Merge","hd":false},{"ty":"fl","c":{"a":0,"k":[0.183974561504,0.160924978817,0.280710437251,1],"ix":4},"o":{"a":0,"k":100,"ix":5},"r":1,"nm":"Fill 1","mn":"ADBE Vector Graphic - Fill","hd":false},{"ty":"tr","p":{"a":0,"k":[833.413,564.439],"ix":2},"a":{"a":0,"k":[0,0],"ix":1},"s":{"a":0,"k":[100,100],"ix":3},"r":{"a":0,"k":0,"ix":6},"o":{"a":0,"k":100,"ix":7},"sk":{"a":0,"k":0,"ix":4},"sa":{"a":0,"k":0,"ix":5},"nm":"Transform"}],"nm":"Group 3","np":4,"cix":2,"ix":3,"mn":"ADBE Vector Group","hd":false},{"ty":"gr","it":[{"ind":0,"ty":"sh","ix":1,"ks":{"a":0,"k":{"i":[[0,-84.034],[84.033,0],[0,84.034],[-84.034,0]],"o":[[0,84.034],[-84.034,0],[0,-84.034],[84.033,0]],"v":[[152.156,0],[0,152.156],[-152.156,0],[0,-152.156]],"c":true},"ix":2},"nm":"Path 1","mn":"ADBE Vector Shape - Group","hd":false},{"ty":"fl","c":{"a":0,"k":[0.183974561504,0.160924978817,0.280710437251,1],"ix":4},"o":{"a":0,"k":100,"ix":5},"r":1,"nm":"Fill 1","mn":"ADBE Vector Graphic - Fill","hd":false},{"ty":"tr","p":{"a":0,"k":[440.358,152.406],"ix":2},"a":{"a":0,"k":[0,0],"ix":1},"s":{"a":0,"k":[100,100],"ix":3},"r":{"a":0,"k":0,"ix":6},"o":{"a":0,"k":100,"ix":7},"sk":{"a":0,"k":0,"ix":4},"sa":{"a":0,"k":0,"ix":5},"nm":"Transform"}],"nm":"Group 4","np":2,"cix":2,"ix":4,"mn":"ADBE Vector Group","hd":false},{"ty":"gr","it":[{"ind":0,"ty":"sh","ix":1,"ks":{"a":0,"k":{"i":[[0,-79.951],[79.952,0],[0,79.951],[-79.951,0]],"o":[[0,79.951],[-79.951,0],[0,-79.951],[79.952,0]],"v":[[144.764,0],[-0.001,144.765],[-144.764,0],[-0.001,-144.765]],"c":true},"ix":2},"nm":"Path 1","mn":"ADBE Vector Shape - Group","hd":false},{"ty":"fl","c":{"a":0,"k":[0.183974561504,0.160924978817,0.280710437251,1],"ix":4},"o":{"a":0,"k":100,"ix":5},"r":1,"nm":"Fill 1","mn":"ADBE Vector Graphic - Fill","hd":false},{"ty":"tr","p":{"a":0,"k":[224.339,297.171],"ix":2},"a":{"a":0,"k":[0,0],"ix":1},"s":{"a":0,"k":[100,100],"ix":3},"r":{"a":0,"k":0,"ix":6},"o":{"a":0,"k":100,"ix":7},"sk":{"a":0,"k":0,"ix":4},"sa":{"a":0,"k":0,"ix":5},"nm":"Transform"}],"nm":"Group 5","np":2,"cix":2,"ix":5,"mn":"ADBE Vector Group","hd":false},{"ty":"gr","it":[{"ind":0,"ty":"sh","ix":1,"ks":{"a":0,"k":{"i":[[0,-105.018],[105.018,0],[0,105.018],[-105.018,0]],"o":[[0,105.018],[-105.018,0],[0,-105.018],[105.018,0]],"v":[[190.152,0],[0,190.152],[-190.152,0],[0,-190.152]],"c":true},"ix":2},"nm":"Path 1","mn":"ADBE Vector Shape - Group","hd":false},{"ty":"fl","c":{"a":0,"k":[0.183974561504,0.160924978817,0.280710437251,1],"ix":4},"o":{"a":0,"k":100,"ix":5},"r":1,"nm":"Fill 1","mn":"ADBE Vector Graphic - Fill","hd":false},{"ty":"tr","p":{"a":0,"k":[538.726,314.915],"ix":2},"a":{"a":0,"k":[0,0],"ix":1},"s":{"a":0,"k":[100,100],"ix":3},"r":{"a":0,"k":0,"ix":6},"o":{"a":0,"k":100,"ix":7},"sk":{"a":0,"k":0,"ix":4},"sa":{"a":0,"k":0,"ix":5},"nm":"Transform"}],"nm":"Group 6","np":2,"cix":2,"ix":6,"mn":"ADBE Vector Group","hd":false},{"ty":"gr","it":[{"ind":0,"ty":"sh","ix":1,"ks":{"a":0,"k":{"i":[[0,-82.239],[82.238,0],[0,82.239],[-82.239,0]],"o":[[0,82.239],[-82.239,0],[0,-82.239],[82.238,0]],"v":[[148.906,0],[0,148.906],[-148.906,0],[0,-148.906]],"c":true},"ix":2},"nm":"Path 1","mn":"ADBE Vector Shape - Group","hd":false},{"ty":"fl","c":{"a":0,"k":[0.183974561504,0.160924978817,0.280710437251,1],"ix":4},"o":{"a":0,"k":100,"ix":5},"r":1,"nm":"Fill 1","mn":"ADBE Vector Graphic - Fill","hd":false},{"ty":"tr","p":{"a":0,"k":[521.529,590.841],"ix":2},"a":{"a":0,"k":[0,0],"ix":1},"s":{"a":0,"k":[100,100],"ix":3},"r":{"a":0,"k":0,"ix":6},"o":{"a":0,"k":100,"ix":7},"sk":{"a":0,"k":0,"ix":4},"sa":{"a":0,"k":0,"ix":5},"nm":"Transform"}],"nm":"Group 7","np":2,"cix":2,"ix":7,"mn":"ADBE Vector Group","hd":false},{"ty":"gr","it":[{"ind":0,"ty":"sh","ix":1,"ks":{"a":0,"k":{"i":[[60.678,0],[0,0],[0,60.678],[0,0],[-60.677,0],[0,0],[0,-60.678],[0,0]],"o":[[0,0],[-60.677,0],[0,0],[0,-60.678],[0,0],[60.678,0],[0,0],[0,60.678]],"v":[[536.199,113.384],[-407.003,113.384],[-517.326,3.061],[-517.326,-3.061],[-407.003,-113.384],[536.199,-113.384],[646.522,-3.061],[646.522,3.061]],"c":true},"ix":2},"nm":"Path 1","mn":"ADBE Vector Shape - Group","hd":false},{"ind":1,"ty":"sh","ix":2,"ks":{"a":0,"k":{"i":[[0,0],[0,0],[0,0],[0,0]],"o":[[0,0],[0,0],[0,0],[0,0]],"v":[[-723.674,-1262.435],[517.326,-1262.435],[517.326,945.565],[-723.674,945.565]],"c":true},"ix":2},"nm":"Path 2","mn":"ADBE Vector Shape - Group","hd":false},{"ty":"mm","mm":4,"nm":"Merge Paths 1","mn":"ADBE Vector Filter - Merge","hd":false},{"ty":"fl","c":{"a":0,"k":[0.183974561504,0.160924978817,0.280710437251,1],"ix":4},"o":{"a":0,"k":100,"ix":5},"r":1,"nm":"Fill 1","mn":"ADBE Vector Graphic - Fill","hd":false},{"ty":"tr","p":{"a":0,"k":[517.576,467.562],"ix":2},"a":{"a":0,"k":[0,0],"ix":1},"s":{"a":0,"k":[100,100],"ix":3},"r":{"a":0,"k":0,"ix":6},"o":{"a":0,"k":100,"ix":7},"sk":{"a":0,"k":0,"ix":4},"sa":{"a":0,"k":0,"ix":5},"nm":"Transform"}],"nm":"Group 8","np":4,"cix":2,"ix":8,"mn":"ADBE Vector Group","hd":false}],"ip":0,"op":1798.00007323404,"st":0,"bm":0},{"ddd":0,"ind":17,"ty":4,"nm":"Lightning Outlines","sr":1,"ks":{"o":{"a":0,"k":100,"ix":11},"r":{"a":0,"k":0,"ix":10},"p":{"a":1,"k":[{"i":{"x":0.833,"y":0.833},"o":{"x":0.167,"y":0.167},"n":"0p833_0p833_0p167_0p167","t":0,"s":[737.518,1079.923,0],"e":[529.518,1403.923,0],"to":[-34.6666679382324,54,0],"ti":[34.6666679382324,-54,0]},{"i":{"x":0.833,"y":0.833},"o":{"x":0.167,"y":0.167},"n":"0p833_0p833_0p167_0p167","t":5,"s":[529.518,1403.923,0],"e":[529.518,1403.923,0],"to":[0,0,0],"ti":[0,0,0]},{"t":121,"s":[529.518,1403.923,0],"h":1},{"i":{"x":0.833,"y":0.833},"o":{"x":0.167,"y":0.167},"n":"0p833_0p833_0p167_0p167","t":124,"s":[737.518,1079.923,0],"e":[529.518,1403.923,0],"to":[0,0,0],"ti":[34.6666679382324,-54,0]},{"i":{"x":0.833,"y":0.833},"o":{"x":0.167,"y":0.167},"n":"0p833_0p833_0p167_0p167","t":129,"s":[529.518,1403.923,0],"e":[529.518,1403.923,0],"to":[0,0,0],"ti":[0,0,0]},{"t":233,"s":[529.518,1403.923,0],"h":1},{"i":{"x":0.833,"y":0.833},"o":{"x":0.167,"y":0.167},"n":"0p833_0p833_0p167_0p167","t":236,"s":[737.518,1079.923,0],"e":[529.518,1403.923,0],"to":[0,0,0],"ti":[34.6666679382324,-54,0]},{"i":{"x":0.833,"y":0.833},"o":{"x":0.167,"y":0.167},"n":"0p833_0p833_0p167_0p167","t":241,"s":[529.518,1403.923,0],"e":[529.518,1403.923,0],"to":[0,0,0],"ti":[0,0,0]},{"t":363,"s":[529.518,1403.923,0],"h":1},{"i":{"x":0.833,"y":0.833},"o":{"x":0.167,"y":0.167},"n":"0p833_0p833_0p167_0p167","t":366,"s":[737.518,1079.923,0],"e":[529.518,1403.923,0],"to":[0,0,0],"ti":[34.6666679382324,-54,0]},{"i":{"x":0.833,"y":0.833},"o":{"x":0.167,"y":0.167},"n":"0p833_0p833_0p167_0p167","t":371,"s":[529.518,1403.923,0],"e":[529.518,1403.923,0],"to":[0,0,0],"ti":[0,0,0]},{"t":478,"s":[529.518,1403.923,0],"h":1},{"i":{"x":0.833,"y":0.833},"o":{"x":0.167,"y":0.167},"n":"0p833_0p833_0p167_0p167","t":481,"s":[737.518,1079.923,0],"e":[529.518,1403.923,0],"to":[0,0,0],"ti":[34.6666679382324,-54,0]},{"i":{"x":0.833,"y":0.833},"o":{"x":0.167,"y":0.167},"n":"0p833_0p833_0p167_0p167","t":486,"s":[529.518,1403.923,0],"e":[529.518,1403.923,0],"to":[0,0,0],"ti":[0,0,0]},{"t":600,"s":[529.518,1403.923,0],"h":1},{"i":{"x":0.833,"y":0.833},"o":{"x":0.167,"y":0.167},"n":"0p833_0p833_0p167_0p167","t":603,"s":[737.518,1079.923,0],"e":[529.518,1403.923,0],"to":[0,0,0],"ti":[34.6666679382324,-54,0]},{"i":{"x":0.833,"y":0.833},"o":{"x":0.167,"y":0.167},"n":"0p833_0p833_0p167_0p167","t":608,"s":[529.518,1403.923,0],"e":[529.518,1403.923,0],"to":[0,0,0],"ti":[0,0,0]},{"t":719,"s":[529.518,1403.923,0],"h":1},{"i":{"x":0.833,"y":0.833},"o":{"x":0.167,"y":0.167},"n":"0p833_0p833_0p167_0p167","t":722,"s":[737.518,1079.923,0],"e":[529.518,1403.923,0],"to":[0,0,0],"ti":[34.6666679382324,-54,0]},{"t":727.000029611317}],"ix":2},"a":{"a":0,"k":[304.957,-4.571,0],"ix":1},"s":{"a":1,"k":[{"i":{"x":[0.833,0.833,0.833],"y":[0.833,0.833,0.833]},"o":{"x":[0.167,0.167,0.167],"y":[0.167,0.167,0.167]},"n":["0p833_0p833_0p167_0p167","0p833_0p833_0p167_0p167","0p833_0p833_0p167_0p167"],"t":0,"s":[100,0,100],"e":[100,100,100]},{"i":{"x":[0.833,0.833,0.833],"y":[0.833,0.833,0.833]},"o":{"x":[0.167,0.167,0.167],"y":[0.167,0.167,0.167]},"n":["0p833_0p833_0p167_0p167","0p833_0p833_0p167_0p167","0p833_0p833_0p167_0p167"],"t":5,"s":[100,100,100],"e":[100,100,100]},{"t":30,"s":[100,100,100],"h":1},{"t":35,"s":[100,0,100],"h":1},{"t":40,"s":[100,100,100],"h":1},{"t":45,"s":[100,0,100],"h":1},{"t":50,"s":[100,100,100],"h":1},{"i":{"x":[0.833,0.833,0.833],"y":[0.833,0.833,0.833]},"o":{"x":[0.167,0.167,0.167],"y":[0.167,0.167,0.167]},"n":["0p833_0p833_0p167_0p167","0p833_0p833_0p167_0p167","0p833_0p833_0p167_0p167"],"t":124,"s":[100,0,100],"e":[100,100,100]},{"i":{"x":[0.833,0.833,0.833],"y":[0.833,0.833,0.833]},"o":{"x":[0.167,0.167,0.167],"y":[0.167,0.167,0.167]},"n":["0p833_0p833_0p167_0p167","0p833_0p833_0p167_0p167","0p833_0p833_0p167_0p167"],"t":129,"s":[100,100,100],"e":[100,100,100]},{"t":154,"s":[100,100,100],"h":1},{"t":159,"s":[100,0,100],"h":1},{"t":164,"s":[100,100,100],"h":1},{"t":169,"s":[100,0,100],"h":1},{"t":174,"s":[100,100,100],"h":1},{"i":{"x":[0.833,0.833,0.833],"y":[0.833,0.833,0.833]},"o":{"x":[0.167,0.167,0.167],"y":[0.167,0.167,0.167]},"n":["0p833_0p833_0p167_0p167","0p833_0p833_0p167_0p167","0p833_0p833_0p167_0p167"],"t":236,"s":[100,0,100],"e":[100,100,100]},{"i":{"x":[0.833,0.833,0.833],"y":[0.833,0.833,0.833]},"o":{"x":[0.167,0.167,0.167],"y":[0.167,0.167,0.167]},"n":["0p833_0p833_0p167_0p167","0p833_0p833_0p167_0p167","0p833_0p833_0p167_0p167"],"t":241,"s":[100,100,100],"e":[100,100,100]},{"t":266,"s":[100,100,100],"h":1},{"t":271,"s":[100,0,100],"h":1},{"t":276,"s":[100,100,100],"h":1},{"t":281,"s":[100,0,100],"h":1},{"t":286,"s":[100,100,100],"h":1},{"i":{"x":[0.833,0.833,0.833],"y":[0.833,0.833,0.833]},"o":{"x":[0.167,0.167,0.167],"y":[0.167,0.167,0.167]},"n":["0p833_0p833_0p167_0p167","0p833_0p833_0p167_0p167","0p833_0p833_0p167_0p167"],"t":366,"s":[100,0,100],"e":[100,100,100]},{"i":{"x":[0.833,0.833,0.833],"y":[0.833,0.833,0.833]},"o":{"x":[0.167,0.167,0.167],"y":[0.167,0.167,0.167]},"n":["0p833_0p833_0p167_0p167","0p833_0p833_0p167_0p167","0p833_0p833_0p167_0p167"],"t":371,"s":[100,100,100],"e":[100,100,100]},{"t":396,"s":[100,100,100],"h":1},{"t":401,"s":[100,0,100],"h":1},{"t":406,"s":[100,100,100],"h":1},{"t":411,"s":[100,0,100],"h":1},{"t":416,"s":[100,100,100],"h":1},{"i":{"x":[0.833,0.833,0.833],"y":[0.833,0.833,0.833]},"o":{"x":[0.167,0.167,0.167],"y":[0.167,0.167,0.167]},"n":["0p833_0p833_0p167_0p167","0p833_0p833_0p167_0p167","0p833_0p833_0p167_0p167"],"t":481,"s":[100,0,100],"e":[100,100,100]},{"i":{"x":[0.833,0.833,0.833],"y":[0.833,0.833,0.833]},"o":{"x":[0.167,0.167,0.167],"y":[0.167,0.167,0.167]},"n":["0p833_0p833_0p167_0p167","0p833_0p833_0p167_0p167","0p833_0p833_0p167_0p167"],"t":486,"s":[100,100,100],"e":[100,100,100]},{"t":511,"s":[100,100,100],"h":1},{"t":516,"s":[100,0,100],"h":1},{"t":521,"s":[100,100,100],"h":1},{"i":{"x":[0.833,0.833,0.833],"y":[0.833,0.833,0.833]},"o":{"x":[0.167,0.167,0.167],"y":[0.167,0.167,0.167]},"n":["0p833_0p833_0p167_0p167","0p833_0p833_0p167_0p167","0p833_0p833_0p167_0p167"],"t":603,"s":[100,0,100],"e":[100,100,100]},{"i":{"x":[0.833,0.833,0.833],"y":[0.833,0.833,0.833]},"o":{"x":[0.167,0.167,0.167],"y":[0.167,0.167,0.167]},"n":["0p833_0p833_0p167_0p167","0p833_0p833_0p167_0p167","0p833_0p833_0p167_0p167"],"t":608,"s":[100,100,100],"e":[100,100,100]},{"t":633,"s":[100,100,100],"h":1},{"t":638,"s":[100,0,100],"h":1},{"t":643,"s":[100,100,100],"h":1},{"t":648,"s":[100,0,100],"h":1},{"t":653,"s":[100,100,100],"h":1},{"i":{"x":[0.833,0.833,0.833],"y":[0.833,0.833,0.833]},"o":{"x":[0.167,0.167,0.167],"y":[0.167,0.167,0.167]},"n":["0p833_0p833_0p167_0p167","0p833_0p833_0p167_0p167","0p833_0p833_0p167_0p167"],"t":722,"s":[100,0,100],"e":[100,100,100]},{"i":{"x":[0.833,0.833,0.833],"y":[0.833,0.833,0.833]},"o":{"x":[0.167,0.167,0.167],"y":[0.167,0.167,0.167]},"n":["0p833_0p833_0p167_0p167","0p833_0p833_0p167_0p167","0p833_0p833_0p167_0p167"],"t":727,"s":[100,100,100],"e":[100,100,100]},{"t":752,"s":[100,100,100],"h":1},{"t":757,"s":[100,0,100],"h":1},{"t":762,"s":[100,100,100],"h":1},{"t":767,"s":[100,0,100],"h":1},{"t":772.000031444205,"s":[100,100,100],"h":1}],"ix":6}},"ao":0,"shapes":[{"ty":"gr","it":[{"ind":0,"ty":"sh","ix":1,"ks":{"a":0,"k":{"i":[[0,0],[0,0],[0,0],[0,0],[0,0],[0,0],[0,0]],"o":[[0,0],[0,0],[0,0],[0,0],[0,0],[0,0],[0,0]],"v":[[156.707,-216.497],[9.993,-219.179],[-133.342,-24.419],[-26.272,-23.656],[-156.707,219.179],[99.054,-62.966],[27.42,-63.755]],"c":true},"ix":2},"nm":"Path 1","mn":"ADBE Vector Shape - Group","hd":false},{"ty":"fl","c":{"a":0,"k":[0.997790886374,0.79360034419,0.178646730909,1],"ix":4},"o":{"a":0,"k":100,"ix":5},"r":1,"nm":"Fill 1","mn":"ADBE Vector Graphic - Fill","hd":false},{"ty":"tr","p":{"a":0,"k":[156.957,219.43],"ix":2},"a":{"a":0,"k":[0,0],"ix":1},"s":{"a":0,"k":[100,100],"ix":3},"r":{"a":0,"k":0,"ix":6},"o":{"a":0,"k":100,"ix":7},"sk":{"a":0,"k":0,"ix":4},"sa":{"a":0,"k":0,"ix":5},"nm":"Transform"}],"nm":"Group 1","np":2,"cix":2,"ix":1,"mn":"ADBE Vector Group","hd":false}],"ip":0,"op":1875.00007637032,"st":0,"bm":0},{"ddd":0,"ind":18,"ty":4,"nm":"Background Outlines","sr":1,"ks":{"o":{"a":0,"k":100,"ix":11},"r":{"a":0,"k":0,"ix":10},"p":{"a":0,"k":[620.151,1101.018,0],"ix":2},"a":{"a":0,"k":[620.401,1100.745,0],"ix":1},"s":{"a":0,"k":[100,100,100],"ix":6}},"ao":0,"shapes":[{"ty":"gr","it":[{"ind":0,"ty":"sh","ix":1,"ks":{"a":0,"k":{"i":[[0,0],[0,0],[0,0],[0,0]],"o":[[0,0],[0,0],[0,0],[0,0]],"v":[[-620.151,1100.495],[620.151,1100.495],[620.151,-1100.495],[-620.151,-1100.495]],"c":true},"ix":2},"nm":"Path 1","mn":"ADBE Vector Shape - Group","hd":false},{"ty":"fl","c":{"a":0,"k":[0.922675697476,0.970552451938,0.944669895546,1],"ix":4},"o":{"a":0,"k":100,"ix":5},"r":1,"nm":"Fill 1","mn":"ADBE Vector Graphic - Fill","hd":false},{"ty":"tr","p":{"a":0,"k":[620.401,1100.745],"ix":2},"a":{"a":0,"k":[0,0],"ix":1},"s":{"a":0,"k":[100,100],"ix":3},"r":{"a":0,"k":0,"ix":6},"o":{"a":0,"k":100,"ix":7},"sk":{"a":0,"k":0,"ix":4},"sa":{"a":0,"k":0,"ix":5},"nm":"Transform"}],"nm":"Group 1","np":2,"cix":2,"ix":1,"mn":"ADBE Vector Group","hd":false}],"ip":0,"op":1798.00007323404,"st":0,"bm":0}]}],"layers":[{"ddd":0,"ind":1,"ty":0,"nm":"Clogs and lightning","refId":"comp_7","sr":1,"ks":{"o":{"a":0,"k":100,"ix":11},"r":{"a":0,"k":0,"ix":10},"p":{"a":0,"k":[620.5,1104,0],"ix":2},"a":{"a":0,"k":[620.5,1104,0],"ix":1},"s":{"a":0,"k":[100,100,100],"ix":6}},"ao":0,"w":1241,"h":2208,"ip":0,"op":1798.00007323404,"st":0,"bm":0}]}